-- MySQL dump 10.13  Distrib 8.0.20, for Win64 (x86_64)
--
-- Host: localhost    Database: premier_league
-- ------------------------------------------------------
-- Server version	8.0.20

/*!40101 SET @OLD_CHARACTER_SET_CLIENT=@@CHARACTER_SET_CLIENT */;
/*!40101 SET @OLD_CHARACTER_SET_RESULTS=@@CHARACTER_SET_RESULTS */;
/*!40101 SET @OLD_COLLATION_CONNECTION=@@COLLATION_CONNECTION */;
/*!50503 SET NAMES utf8 */;
/*!40103 SET @OLD_TIME_ZONE=@@TIME_ZONE */;
/*!40103 SET TIME_ZONE='+00:00' */;
/*!40014 SET @OLD_UNIQUE_CHECKS=@@UNIQUE_CHECKS, UNIQUE_CHECKS=0 */;
/*!40014 SET @OLD_FOREIGN_KEY_CHECKS=@@FOREIGN_KEY_CHECKS, FOREIGN_KEY_CHECKS=0 */;
/*!40101 SET @OLD_SQL_MODE=@@SQL_MODE, SQL_MODE='NO_AUTO_VALUE_ON_ZERO' */;
/*!40111 SET @OLD_SQL_NOTES=@@SQL_NOTES, SQL_NOTES=0 */;

--
-- Table structure for table `attack_data`
--

DROP TABLE IF EXISTS `attack_data`;
/*!40101 SET @saved_cs_client     = @@character_set_client */;
/*!50503 SET character_set_client = utf8mb4 */;
CREATE TABLE `attack_data` (
  `playerId` int NOT NULL,
  `totalScoringAttack` int DEFAULT NULL,
  `ontargetScoringAttack` int DEFAULT NULL,
  `hitWoodwork` int DEFAULT NULL,
  `HeadGoal` int DEFAULT NULL,
  `PenaltyGoal` int DEFAULT NULL,
  `FreekickGoal` int DEFAULT NULL,
  `totalOffside` int DEFAULT NULL,
  `touches` int DEFAULT NULL,
  `totalPass` int DEFAULT NULL,
  `totalThroughBall` int DEFAULT NULL,
  `totalCross` int DEFAULT NULL,
  `cornerTaken` int DEFAULT NULL,
  PRIMARY KEY (`playerId`),
  CONSTRAINT `attack_data_ibfk_1` FOREIGN KEY (`playerId`) REFERENCES `players_info` (`playerId`)
) ENGINE=InnoDB DEFAULT CHARSET=utf8mb4 COLLATE=utf8mb4_0900_ai_ci;
/*!40101 SET character_set_client = @saved_cs_client */;

--
-- Dumping data for table `attack_data`
--

LOCK TABLES `attack_data` WRITE;
/*!40000 ALTER TABLE `attack_data` DISABLE KEYS */;
INSERT INTO `attack_data` VALUES (4029,17,6,0,0,3,0,0,1577,1258,3,25,6),(4600,1,0,0,0,0,0,0,236,124,0,26,10),(5745,34,12,1,0,0,0,3,1332,1105,11,29,5),(5990,17,6,3,1,0,0,0,2093,1764,7,58,1),(6009,76,28,5,2,2,0,6,603,354,1,9,0),(6011,0,0,0,0,0,0,0,897,652,0,0,0),(6013,2,1,0,0,0,0,0,124,97,0,1,0),(6280,23,6,0,0,0,0,3,2754,1920,0,103,0),(6363,21,4,2,0,0,0,0,1321,1077,1,4,1),(6447,46,22,0,0,1,2,0,2045,1333,2,216,148),(6505,4,2,0,1,0,0,0,1343,1040,0,19,0),(6566,66,28,1,2,2,0,14,807,448,11,19,0),(6577,9,3,0,0,0,0,6,1064,836,2,72,57),(6623,60,22,1,0,3,1,4,1720,1182,4,136,86),(6723,12,2,0,0,0,0,1,2237,1960,0,2,0),(6773,25,9,0,0,0,0,1,759,494,1,48,39),(7018,31,8,1,0,1,0,2,2019,1773,7,29,22),(7431,10,2,0,0,0,0,3,610,501,4,22,8),(7748,29,8,0,0,2,1,1,1683,1245,3,130,89),(10045,3,0,0,0,0,0,0,726,520,0,16,0),(10046,10,1,1,1,0,0,1,1492,1172,0,1,0),(10048,0,0,0,0,0,0,0,62,37,0,5,0),(10050,4,1,0,0,0,0,2,1298,784,0,23,1),(10059,27,12,0,0,0,1,1,1203,770,2,174,64),(10205,17,2,0,0,0,0,0,1789,1502,2,4,0),(10292,17,7,1,1,0,0,3,1674,1257,0,3,0),(10314,40,12,0,0,1,0,13,486,251,3,5,0),(11230,0,0,0,0,0,0,0,1128,857,0,0,0),(11241,2,2,0,0,0,0,0,114,88,0,0,0),(11259,63,36,2,3,4,0,23,625,356,3,24,0),(11653,57,18,2,0,0,0,3,1923,1196,2,114,66),(12507,36,18,0,1,2,0,9,813,550,1,6,1),(13589,5,1,0,0,0,0,0,749,481,0,25,0),(13742,28,9,1,1,0,1,0,2374,1986,1,1,0),(13935,48,11,1,0,0,0,15,1852,945,1,59,0),(13981,9,2,1,0,0,0,1,492,303,2,52,5),(14011,9,4,0,0,0,0,3,1357,994,1,31,4),(14109,7,1,1,0,0,0,1,949,788,3,3,0),(14111,2,0,0,0,0,0,1,777,535,1,22,0),(14131,15,5,0,0,0,1,2,1729,1041,0,110,19),(14287,10,5,0,0,0,0,2,602,405,1,2,0),(14288,1,0,0,0,0,0,0,156,127,0,3,2),(14289,7,2,0,0,0,0,1,204,134,2,17,8),(14290,44,18,0,1,0,0,27,812,430,2,21,0),(14848,42,19,0,0,1,0,6,1229,803,4,7,4),(15123,6,0,0,0,0,0,5,1840,1154,0,42,0),(15257,2,1,0,0,0,0,0,1210,914,1,1,0),(15279,1,0,0,0,0,0,0,5,3,0,0,0),(17894,12,5,0,1,0,0,0,296,156,0,15,0),(18566,15,5,0,0,0,0,2,163,79,0,1,0),(18721,20,10,0,0,1,0,4,758,402,4,18,1),(18843,16,3,0,0,0,0,2,1602,1132,0,4,0),(18957,22,10,0,0,0,0,0,464,313,4,20,1),(19041,6,2,1,1,0,0,0,1266,983,2,3,0),(19205,15,5,1,1,0,0,1,888,643,2,8,0),(19415,3,0,0,0,0,0,0,1157,759,2,18,0),(19444,5,1,0,0,0,0,1,637,461,0,11,0),(19506,12,4,0,0,2,0,1,771,622,2,17,7),(19511,91,36,2,2,0,0,6,1477,1011,6,8,0),(19592,13,6,0,1,0,0,0,1499,1326,0,0,0),(19595,88,28,4,0,2,1,2,2336,1624,27,259,152),(19619,66,34,1,2,0,0,11,947,568,5,8,0),(19620,79,35,6,1,5,0,10,1134,699,8,27,6),(19667,0,0,0,0,0,0,0,10,4,0,0,0),(19695,35,11,2,1,0,1,1,1043,769,3,68,48),(19884,0,0,0,0,0,0,0,2,1,0,0,0),(20023,14,5,1,1,0,0,7,314,176,0,7,0),(20234,12,3,0,0,0,0,1,2039,1706,12,9,0),(20239,68,31,3,1,0,0,16,1114,636,5,55,30),(20253,2,0,0,0,0,0,0,17,11,0,0,0),(20255,6,3,0,0,0,0,0,757,414,0,71,39),(20262,19,1,0,0,0,0,0,1767,1328,3,17,6),(20341,10,4,0,0,0,0,0,1045,760,1,1,0),(20752,16,6,1,0,0,0,0,2366,1620,3,103,8),(21222,0,0,0,0,0,0,0,127,97,0,0,0),(21247,2,0,0,0,0,0,0,904,570,0,20,0),(21858,12,4,0,0,0,0,0,481,300,2,8,3),(22162,7,2,0,0,0,0,0,591,457,0,3,0),(22919,1,0,0,0,0,0,0,977,551,2,45,0),(23153,15,6,0,0,0,0,2,380,225,1,22,3),(23389,17,3,0,0,0,0,1,1712,988,2,106,24),(23462,22,5,1,0,1,1,2,1683,1062,2,80,39),(23607,32,16,1,1,0,0,2,1873,1211,1,38,0),(25178,0,0,0,0,0,0,0,502,340,0,0,0),(26145,11,3,0,0,0,0,0,1897,1582,4,14,0),(26151,21,7,0,0,0,0,4,963,714,5,43,33),(30517,6,1,0,0,0,0,0,1786,1306,0,1,0),(30533,40,10,0,0,0,1,1,3247,2168,5,337,140),(30549,63,30,2,2,0,0,11,1444,912,5,37,1),(30554,0,0,0,0,0,0,0,22,19,0,0,0),(30557,8,4,0,0,0,0,0,540,288,0,43,5),(30562,7,1,0,0,0,0,0,762,505,0,0,0),(30598,21,7,1,0,0,0,0,578,332,0,67,45),(30667,18,3,0,1,0,0,2,1150,768,1,38,0),(30669,8,1,0,0,0,0,0,896,670,5,8,2),(30925,14,3,0,0,0,0,2,1794,1329,1,47,0),(30926,31,11,0,0,0,0,1,1408,939,3,139,75),(30959,0,0,0,0,0,0,0,32,17,0,3,1),(30960,17,6,0,0,0,0,0,1399,1062,0,26,0),(30984,0,0,0,0,0,0,0,1175,849,0,0,0),(30985,8,2,0,0,0,0,0,166,93,0,25,8),(31013,0,0,0,0,0,0,0,240,192,0,0,0),(31015,30,13,0,1,0,0,1,1722,1365,0,3,0),(31037,0,0,0,0,0,0,0,61,40,0,0,0),(31063,2,0,0,0,0,0,0,9,7,0,0,0),(31068,75,38,2,2,0,0,16,771,465,1,5,1),(31074,6,4,0,1,0,0,0,513,322,0,0,0),(31289,5,2,0,0,0,0,0,803,485,2,25,0),(31291,6,1,0,0,0,0,1,864,780,0,0,0),(31712,79,26,4,1,0,0,10,1512,1008,9,47,0),(31757,8,2,0,1,0,0,2,970,737,0,0,0),(31993,0,0,0,0,0,0,0,1733,1516,4,0,0),(32012,2,0,0,0,0,0,0,95,76,1,2,0),(32098,16,5,0,0,0,0,0,752,620,7,2,1),(32103,19,8,0,0,1,0,4,856,544,0,27,18),(32114,29,14,3,0,0,0,11,472,270,2,4,0),(32140,20,8,0,0,0,0,1,740,435,1,57,13),(32165,0,0,0,0,0,0,0,56,44,0,0,0),(32203,4,0,0,0,0,0,0,439,267,0,24,0),(32539,0,0,0,0,0,0,0,149,119,0,0,0),(33468,7,1,0,0,0,0,0,818,635,0,1,0),(33511,1,1,0,1,0,0,2,380,217,0,28,0),(34626,14,3,0,0,0,0,0,1194,943,1,34,1),(34877,8,3,0,0,0,0,0,779,656,0,2,0),(34883,3,0,0,0,0,0,1,647,374,0,18,0),(35017,22,6,0,0,0,0,4,870,545,1,30,6),(35018,24,7,1,1,0,0,2,1090,714,1,51,1),(35149,13,3,0,0,0,0,3,917,603,1,8,0),(35777,2,0,0,0,0,0,0,46,27,0,0,0),(35800,22,8,0,1,0,0,2,1688,1334,1,7,0),(35862,15,4,1,0,0,0,2,1393,1043,3,21,0),(41062,75,34,1,4,0,0,9,878,477,2,17,0),(41538,1,0,0,0,0,0,0,1677,1501,1,8,0),(41632,2,0,0,0,0,0,0,139,112,0,0,0),(42220,20,3,1,1,0,0,1,1791,1343,2,2,0),(42655,6,0,0,0,0,0,0,700,561,1,8,0),(42727,14,8,0,0,0,0,1,439,259,1,7,0),(42970,12,3,0,0,0,0,1,1741,1360,4,115,76),(42971,8,1,1,0,0,0,0,203,111,2,12,3),(43047,5,1,0,0,0,0,0,790,680,2,0,0),(43049,4,1,0,1,0,0,0,653,553,0,1,0),(43062,0,0,0,0,0,0,0,55,41,0,0,0),(43133,3,0,0,0,0,0,0,533,350,0,8,0),(43135,22,8,1,0,0,1,4,705,474,1,83,40),(43231,29,10,0,0,0,0,0,1323,935,2,14,0),(43997,15,5,0,0,0,0,10,265,160,0,3,0),(44017,5,1,0,0,0,0,4,367,195,1,16,6),(44026,3,0,0,0,0,0,5,956,661,0,28,0),(44029,0,0,0,0,0,0,0,969,716,2,0,0),(44030,43,13,2,1,0,0,2,1478,1117,1,59,18),(44032,15,4,0,0,0,0,0,444,319,0,20,4),(44033,0,0,0,0,0,0,0,424,249,0,16,0),(44159,5,1,0,1,0,0,0,1984,1722,2,2,0),(46085,0,0,0,0,0,0,0,1305,1006,1,0,0),(46676,0,0,0,0,0,0,0,1393,1015,0,0,0),(46933,9,3,0,0,0,0,1,400,305,2,2,0),(46991,6,1,0,0,0,0,0,824,636,0,0,0),(47001,16,4,0,1,0,0,2,2055,1252,2,100,0),(47172,25,7,1,1,0,0,3,1517,1166,1,5,0),(47176,0,0,0,0,0,0,0,138,112,0,0,0),(47184,107,46,4,1,3,0,17,1277,827,9,42,27),(47195,24,2,0,0,0,0,1,1040,640,1,42,22),(48182,27,9,1,0,0,1,5,1158,815,5,126,70),(48228,4,1,0,0,0,0,1,1258,776,0,52,1),(48260,13,4,1,1,0,0,0,1312,1036,2,0,0),(48542,47,21,1,1,0,0,10,705,405,3,14,0),(48549,1,0,0,0,0,0,1,1202,620,0,73,0),(49704,49,8,1,0,0,0,0,1964,1615,5,34,9),(49709,18,6,0,0,0,0,1,1322,923,2,6,0),(49710,2,0,0,0,0,0,0,53,42,0,0,0),(50015,14,3,0,0,0,0,3,2060,1620,0,45,1),(50016,8,0,0,0,0,0,0,446,293,0,18,12),(50119,5,1,0,1,0,0,2,639,415,0,47,0),(50135,18,5,0,1,0,0,2,2741,2026,2,157,20),(50136,1,0,0,0,0,0,1,651,350,0,37,0),(50336,3,0,0,0,0,0,0,426,273,1,4,0),(50563,2,1,0,0,0,0,0,64,40,1,5,1),(51275,8,2,0,0,0,0,0,792,418,2,23,0),(51329,7,2,1,0,0,0,0,1031,865,2,3,0),(51340,8,4,0,0,0,0,2,1369,843,1,28,0),(51513,3,1,0,0,0,0,0,443,359,0,0,0),(51519,9,3,0,1,0,0,1,901,671,1,1,0),(51690,11,2,0,0,0,0,2,807,615,0,0,0),(51699,18,6,1,0,0,0,0,510,339,4,4,0),(51703,26,8,0,1,0,0,0,2060,1631,3,37,0),(51790,19,7,0,0,0,0,5,240,140,0,4,0),(52087,15,2,1,0,0,0,1,1086,687,0,77,8),(52102,21,4,1,0,0,0,2,612,382,0,56,17),(52220,18,12,0,0,0,0,0,401,285,3,12,4),(52229,25,6,0,0,0,0,3,1764,1178,4,34,1),(52240,41,14,1,0,1,0,2,1235,800,3,121,65),(52266,7,3,0,0,0,0,1,1762,1437,0,2,0),(52277,53,26,0,5,0,0,31,678,396,1,8,0),(52304,0,0,0,0,0,0,0,603,456,0,0,0),(52974,21,10,1,0,0,0,4,875,505,3,136,73),(53032,0,0,0,0,0,0,0,86,56,0,0,0),(53036,12,4,0,0,0,0,5,1790,1034,0,112,0),(53174,11,5,0,0,0,0,10,1710,942,0,108,0),(53178,40,8,1,0,0,0,7,1462,1080,2,53,3),(53183,1,0,0,0,0,0,0,142,93,0,0,0),(53278,0,0,0,0,0,0,0,387,320,0,0,0),(55835,12,5,2,0,0,0,0,1595,1325,1,3,0),(56726,8,2,0,0,0,0,0,877,658,0,0,0),(58929,20,5,0,0,0,0,0,522,375,3,6,2),(64876,2,0,0,0,0,0,0,111,82,0,1,0),(90117,1,0,0,0,0,0,0,75,46,0,3,0),(90688,4,1,0,0,0,0,1,248,121,0,15,0),(90844,0,0,0,0,0,0,0,697,529,0,0,0),(90847,3,2,0,0,0,0,3,490,222,1,11,0),(90860,41,9,0,0,0,0,1,2224,1686,4,27,1),(90987,11,2,0,0,0,0,0,1575,1330,4,25,6),(91041,20,8,1,0,0,0,2,1858,1414,1,20,0),(91050,45,19,1,0,0,0,9,709,326,5,36,0),(91606,23,12,0,2,0,0,9,317,183,3,2,0),(92622,26,12,1,4,0,0,1,3097,2772,7,0,0),(93725,28,8,1,0,0,0,9,501,283,5,34,2),(93814,11,4,0,0,0,0,3,254,127,1,2,0),(93882,33,10,1,0,0,0,0,650,467,5,9,3),(93899,1,0,0,0,0,0,0,197,118,0,8,0),(93957,0,0,0,0,0,0,0,182,136,0,1,0),(93960,19,5,1,0,0,0,7,459,200,0,22,1),(93962,2,1,0,0,0,0,0,36,18,0,0,0),(94007,6,3,0,0,0,0,1,1171,669,0,36,0),(94133,1,1,0,0,0,0,0,849,777,0,0,0),(94140,13,7,1,0,0,0,1,1042,715,0,54,20),(94217,81,36,3,3,1,1,17,1099,680,7,79,0),(94221,17,9,1,0,0,0,7,272,191,0,2,0),(94228,48,13,0,1,0,0,4,1142,643,6,18,4),(94350,5,1,1,0,0,0,1,358,266,1,3,0),(94486,1,1,0,0,0,0,0,37,17,0,2,0),(95187,49,22,2,2,1,0,15,651,352,2,9,0),(96594,14,3,0,0,0,0,5,325,196,0,5,0),(106028,54,12,0,0,0,0,4,1871,1441,0,23,2),(106138,0,0,0,0,0,0,0,3,3,0,0,0),(114653,7,2,0,0,0,0,0,1269,1091,2,0,0),(115748,37,14,0,0,0,0,3,1053,703,2,65,38),(128164,3,1,0,0,0,0,0,1230,716,0,24,0),(128282,8,1,0,0,0,0,0,1373,1022,0,81,0),(128570,38,16,0,0,0,0,3,1490,968,3,21,4),(128766,41,13,2,0,0,0,0,1553,815,4,203,49),(129737,0,0,0,0,0,0,0,1134,841,0,0,0),(129749,18,5,0,0,0,0,0,2549,1572,4,60,0),(129750,23,8,0,1,0,0,1,2460,2077,1,5,0),(129751,1,0,0,0,0,0,0,83,51,0,3,1),(129752,64,21,5,0,1,0,18,1265,721,3,96,34),(129756,0,0,0,0,0,0,0,1059,757,0,0,0),(129759,11,4,0,0,0,0,0,1551,1334,3,8,0),(129760,8,5,0,0,0,0,1,500,400,4,3,2),(129761,1,0,0,0,0,0,0,1171,691,0,51,0),(129762,2,2,0,0,0,0,1,907,674,0,2,0),(129845,0,0,0,0,0,0,0,1168,800,0,0,0),(129879,12,6,0,2,0,0,1,1091,770,0,1,0),(129917,0,0,0,0,0,0,0,596,423,0,0,0),(130045,74,18,1,0,0,1,4,2177,1473,19,221,157),(130050,38,9,1,0,0,0,1,2085,1583,3,63,42),(130310,38,16,0,0,0,0,3,756,438,1,21,0),(130400,1,1,0,0,0,0,0,232,184,0,2,0),(130553,1,0,1,0,0,0,0,109,65,0,15,7),(130554,5,0,0,0,0,0,0,433,210,0,27,0),(130623,8,0,2,0,0,0,0,702,563,1,5,0),(130624,33,8,0,0,0,0,2,2065,1252,17,152,101),(130627,75,34,1,0,2,0,16,795,482,0,7,0),(130671,7,2,1,0,0,0,1,1245,1029,1,1,0),(130672,9,1,0,0,0,0,2,1041,585,1,58,8),(130759,1,1,0,0,0,0,0,1219,946,0,0,0),(131690,0,0,0,0,0,0,0,112,71,0,0,0),(131743,62,23,1,0,0,0,3,1238,708,3,37,0),(131750,0,0,0,0,0,0,0,847,612,0,0,0),(131752,20,6,0,0,0,0,0,1061,813,2,12,11),(131779,58,26,1,0,1,2,11,1383,938,11,77,46),(131780,11,5,1,0,0,0,0,1481,1152,7,6,1),(131781,21,10,1,0,0,0,8,443,324,2,14,0),(132044,9,4,0,1,0,0,0,799,599,0,1,0),(132466,0,0,0,0,0,0,0,51,36,0,0,0),(132770,4,1,0,0,0,0,1,124,90,0,5,4),(132771,12,4,0,0,3,0,0,2183,1861,16,8,0),(132927,23,8,1,0,0,0,2,1301,894,5,34,5),(133131,0,0,0,0,0,0,0,829,643,0,0,0),(133133,19,3,0,0,0,0,1,1444,1081,0,2,0),(133548,18,7,0,0,0,0,2,602,288,1,27,1),(133641,21,6,0,0,0,1,3,2127,1585,4,202,152),(133644,39,18,0,0,0,0,10,800,494,2,7,0),(133646,81,30,3,3,0,0,16,1327,676,6,49,2),(133647,9,3,1,0,0,0,1,1522,857,1,122,51),(133649,0,0,0,0,0,0,0,1451,1099,0,0,0),(133651,53,22,0,0,0,0,4,942,599,5,36,0),(133675,0,0,0,0,0,0,0,35,29,0,0,0),(133749,19,6,0,0,0,0,1,929,618,1,10,0),(133868,13,3,0,0,0,0,2,1892,1099,0,61,0),(134236,24,4,1,0,0,0,3,2023,1105,1,229,97),(134321,23,4,0,0,0,0,2,1131,726,1,15,0),(134380,1,0,0,0,0,0,3,63,30,0,1,0),(134381,9,2,0,0,0,0,2,313,190,0,8,0),(134618,3,1,0,0,0,0,0,344,201,0,2,0),(134737,1,0,0,0,0,0,0,109,93,0,1,0),(134740,1,0,0,0,0,0,0,15,7,0,0,0),(135116,7,3,0,0,0,0,1,1348,1151,3,4,0),(135117,13,6,0,0,0,0,1,140,76,0,3,0),(135169,13,8,1,0,0,0,3,179,82,2,2,0),(135175,26,2,1,1,0,0,1,1538,1189,0,5,0),(135177,12,2,0,0,0,0,0,1099,796,0,34,0),(135178,0,0,0,0,0,0,0,204,152,0,0,0),(135191,35,9,1,0,0,0,5,1374,607,8,156,0),(135192,0,0,0,0,0,0,0,1021,804,0,0,0),(135200,44,17,2,0,0,0,0,1019,572,3,56,19),(135240,8,3,0,0,0,0,4,1515,974,1,42,0),(135243,28,10,0,1,0,0,1,1506,1226,1,4,0),(135245,11,5,0,0,0,0,0,720,467,5,33,6),(135251,12,5,1,1,0,0,2,1334,862,0,28,0),(135262,10,0,1,0,0,0,3,2012,1339,3,42,0),(135589,12,4,0,0,0,0,1,1777,1519,0,0,0),(135591,24,7,0,0,0,0,0,883,616,1,33,12),(135654,9,2,1,0,0,0,8,984,588,5,55,3),(135671,2,0,0,0,0,0,1,87,45,2,1,0),(135709,0,0,0,0,0,0,0,2,2,0,0,0),(135976,12,2,0,0,0,0,1,200,102,1,23,1),(136255,17,5,0,1,0,0,1,2522,2111,0,4,0),(136298,0,0,0,0,0,0,0,33,25,0,0,0),(136935,78,36,3,3,0,0,23,741,371,2,11,0),(137781,3,2,1,0,0,0,0,292,240,1,2,0),(138634,1,0,0,0,0,0,0,28,22,0,0,0),(138686,0,0,0,0,0,0,0,14,7,0,2,0),(139561,6,2,0,0,0,0,1,443,271,0,14,0),(139564,29,14,1,0,0,0,2,445,316,0,9,1),(140935,4,0,0,0,0,0,1,990,784,1,4,0),(141016,0,0,0,0,0,0,0,421,381,0,0,0),(141189,4,3,0,0,0,0,0,277,197,0,3,0),(143584,29,10,2,1,0,0,0,1952,1456,8,46,17),(144289,0,0,0,0,0,0,0,121,101,0,0,0),(144363,11,5,0,0,0,0,1,1324,1022,2,2,0),(144510,25,5,2,0,0,0,3,630,367,0,4,0),(144514,0,0,0,0,0,0,0,1136,793,0,0,0),(144579,17,6,0,0,1,0,0,2233,1783,1,160,95),(144698,50,21,0,2,0,0,2,853,503,4,28,4),(153012,7,2,0,0,0,0,1,660,500,0,3,0),(153068,0,0,0,0,0,0,0,99,76,0,0,0),(154172,4,0,0,0,0,0,0,81,43,0,14,6),(154335,46,14,1,0,0,0,20,1217,687,2,35,0),(154336,16,4,0,0,0,0,2,1695,922,0,50,0),(154432,7,3,0,0,0,0,2,1384,718,0,87,1),(154433,15,2,0,0,0,0,7,137,78,0,0,0),(154766,29,12,0,0,0,0,10,317,121,1,9,0),(156959,10,4,0,0,0,0,0,683,498,1,1,0),(157053,33,8,1,0,0,0,2,885,591,3,35,0),(159287,0,0,0,0,0,0,0,66,59,0,0,0),(159627,41,20,0,0,0,0,2,1138,684,4,92,4),(159635,0,0,0,0,0,0,0,76,51,0,2,0),(159637,33,11,0,0,0,0,7,940,631,4,49,17),(159638,20,8,0,0,0,0,3,551,239,1,21,0),(159677,5,1,0,0,0,0,0,141,85,2,0,0),(159689,35,18,1,0,0,0,14,620,367,0,7,0),(159713,29,8,2,0,0,0,4,939,605,1,69,11),(159715,3,0,0,0,0,0,0,735,577,2,6,0),(159737,1,0,0,0,0,0,1,518,353,0,17,0),(159741,12,5,2,0,0,0,4,193,112,0,2,0),(159974,0,0,0,0,0,0,0,19,3,0,1,0),(159994,5,1,0,0,0,0,1,2331,1402,2,87,0),(160025,18,4,0,0,0,0,0,1499,1168,0,8,0),(160029,7,4,0,0,0,0,0,1400,850,3,74,10),(160032,14,5,1,0,0,0,0,978,711,1,4,0),(160034,49,19,2,0,1,0,11,843,440,1,98,18),(160036,107,39,3,5,3,0,17,1392,830,3,23,0),(160054,21,5,0,0,0,0,0,2050,1699,10,8,0),(160081,0,0,0,0,0,0,0,143,111,0,0,0),(160096,9,4,0,0,0,0,0,839,601,3,11,6),(160103,3,0,0,0,0,0,0,227,133,1,15,7),(160118,9,3,0,0,0,0,2,323,191,0,20,12),(160156,38,18,1,0,1,0,6,976,569,7,25,0),(160158,19,8,0,1,0,0,0,2550,2254,2,7,0),(160166,0,0,0,0,0,0,0,110,69,0,1,0),(160300,0,0,0,0,0,0,0,12,8,0,0,0),(160312,5,2,0,0,0,0,1,842,502,1,27,0),(160313,8,2,0,0,0,0,0,953,555,0,30,0),(160314,48,11,1,0,0,0,1,1828,1422,12,48,13),(160323,8,4,0,0,0,0,2,1543,1195,0,6,0),(160422,8,2,0,0,0,0,0,887,617,0,6,0),(160424,71,27,3,0,0,0,2,1620,1057,2,122,76),(160457,3,0,0,0,0,0,0,953,781,1,8,0),(160488,8,1,0,1,0,0,1,835,647,0,2,0),(160495,15,2,1,0,0,0,1,1037,636,0,7,0),(160522,52,25,0,0,0,0,18,1101,726,2,8,0),(160579,0,0,0,0,0,0,0,5,4,0,0,0),(160587,35,9,1,0,0,0,15,461,223,1,4,0),(160652,4,0,1,0,0,0,0,157,121,0,2,0),(160671,47,15,1,0,0,0,20,1248,735,3,5,0),(160672,41,11,1,0,0,0,4,683,286,0,58,11),(160682,10,3,0,0,0,0,0,1152,888,4,49,44),(160683,34,11,0,0,0,0,0,1361,994,3,20,2),(160688,51,23,1,1,0,0,8,1306,676,2,21,1),(160698,0,0,0,0,0,0,1,133,88,0,3,0),(160732,31,8,0,0,0,0,1,1619,1058,1,12,0),(160738,0,0,0,0,0,0,0,17,11,0,3,3),(160755,1,0,0,0,0,0,0,1012,784,0,0,0),(160772,0,0,0,0,0,0,0,734,527,0,0,0),(160773,7,1,0,0,0,0,0,1078,761,0,4,0),(160781,12,4,0,0,0,0,3,312,201,0,9,2),(160783,46,17,3,0,1,0,4,1138,632,10,100,63),(160845,14,6,0,0,0,0,1,821,429,1,32,1),(160846,37,16,2,1,0,0,2,766,331,2,37,0),(160847,43,21,0,1,0,0,4,876,524,1,8,0),(160892,14,6,0,2,0,0,0,1893,1563,1,6,0),(160893,0,0,0,0,0,0,0,94,70,0,0,0),(160895,16,5,0,0,0,0,4,512,294,0,35,7),(160897,24,9,0,0,0,0,4,276,107,1,10,0),(161345,28,8,0,1,0,0,6,2507,2111,1,2,0),(161346,0,0,0,0,0,0,0,354,260,0,0,0),(161349,86,36,0,3,1,0,12,997,558,4,10,0),(161350,20,4,0,0,0,0,0,1218,948,0,0,0),(161377,6,2,0,0,0,0,1,605,405,1,9,1),(161384,0,0,0,0,0,0,0,16,13,1,0,0),(161386,0,0,0,0,0,0,0,16,14,0,0,0),(161388,1,0,0,0,0,0,0,22,14,0,0,0),(161396,0,0,0,0,0,0,0,6,4,0,0,0),(161402,49,17,1,0,0,2,1,840,532,6,31,20),(161449,0,0,0,0,0,0,0,299,231,0,0,0),(161453,5,3,0,0,0,0,0,346,267,0,0,0),(161456,20,3,1,0,0,0,7,309,169,2,9,0),(161459,48,16,2,0,0,0,5,1245,779,3,31,0),(161463,32,13,2,1,0,0,11,576,336,0,18,0),(161464,77,32,4,0,0,0,8,970,499,1,20,0),(161537,3,1,0,0,0,0,0,55,22,0,0,0),(161548,10,2,0,0,0,0,2,1351,812,5,63,1),(161549,9,3,0,0,0,0,0,982,725,0,29,0),(161550,5,2,0,0,0,0,0,161,86,0,0,0),(161558,9,2,0,0,0,0,0,816,571,0,25,16),(161559,2,0,0,0,0,0,2,29,15,0,0,0),(161985,3,0,0,0,0,0,0,334,184,0,13,0),(161990,39,11,0,0,0,0,9,757,370,0,73,0),(161996,10,4,2,0,0,0,3,174,94,2,0,0),(162014,1,0,0,0,0,0,2,242,159,0,13,1),(162019,20,7,0,1,0,0,1,1788,1501,12,4,0),(162020,21,9,2,1,0,0,0,747,483,8,41,1),(162021,13,3,1,0,0,0,1,663,454,2,18,0),(162023,4,2,0,0,0,0,0,152,106,0,1,0),(162118,13,5,1,0,0,0,0,692,475,3,5,0),(162156,1,0,0,0,0,0,0,213,131,0,4,0),(162532,10,3,0,2,0,0,0,1319,1161,3,5,0),(163201,1,0,0,0,0,0,2,240,177,0,4,0),(163251,1,0,0,0,0,0,0,1,0,0,0,0),(163747,3,2,0,0,0,0,2,27,20,0,0,0),(163789,2,0,0,0,0,0,1,103,69,1,4,2),(163811,1,1,0,0,0,0,0,36,12,0,0,1),(166103,2,0,0,0,0,0,0,415,257,0,29,0),(166468,19,3,0,0,0,0,1,1022,757,1,0,0),(166789,12,5,0,0,0,0,2,309,116,1,22,0),(171568,2,1,1,0,0,0,0,35,19,0,1,0),(172388,4,0,0,0,0,0,0,92,60,0,2,0),(172390,0,0,0,0,0,0,0,8,6,0,0,0),(172462,0,0,0,0,0,0,0,24,10,0,1,0),(172469,0,0,0,0,0,0,0,15,9,0,0,0),(172658,0,0,0,0,0,0,2,14,8,0,0,0),(175380,2,0,0,0,0,0,0,238,192,0,1,0),(175441,1,1,0,0,0,0,0,27,11,0,2,0),(175528,15,5,0,2,0,0,2,178,98,0,4,0),(175534,1,1,0,0,0,0,1,241,106,1,12,0),(175545,0,0,0,0,0,0,0,50,35,0,1,0),(175596,11,4,0,0,0,0,4,121,59,1,6,0),(175656,9,4,1,0,0,0,1,452,297,3,42,27),(175680,4,2,0,0,0,0,0,278,193,1,3,0),(175685,0,0,0,0,0,0,0,242,170,0,0,0),(176689,2,2,0,0,0,0,0,686,449,0,15,0),(179147,0,0,0,0,0,0,0,67,29,0,4,0),(179148,1,0,0,0,0,0,0,60,33,0,6,0),(179279,0,0,0,0,0,0,0,282,203,0,0,0),(179281,11,2,0,1,0,0,4,185,100,0,2,0),(179282,0,0,0,0,0,0,0,264,186,0,3,0),(179296,1,0,0,0,0,0,0,268,212,0,2,0),(179298,0,0,0,0,0,0,0,5,5,0,0,0),(179348,3,0,0,0,0,0,0,888,571,0,62,36),(179384,32,8,0,0,0,0,0,1299,855,4,98,48),(179415,0,0,0,0,0,0,0,143,118,0,1,0),(179421,2,1,1,0,0,0,0,156,102,0,12,11),(180000,14,2,0,0,0,0,0,1048,745,7,40,28),(180005,9,4,0,0,0,0,0,276,180,2,5,1),(180025,26,9,0,0,0,1,2,913,674,5,72,47),(180034,1,0,0,0,0,0,2,436,289,0,12,0),(180035,5,2,0,1,0,0,0,259,163,0,1,1),(180046,12,4,0,0,0,0,1,248,138,0,15,0),(180050,2,0,0,0,0,0,2,37,23,0,1,0),(180060,30,13,2,0,2,0,1,606,425,5,42,31),(180063,2,1,0,0,0,0,0,267,173,0,12,0),(180064,2,0,0,0,0,0,0,1078,725,1,41,1),(180093,3,0,0,0,0,0,0,130,89,0,1,0),(180097,0,0,0,0,0,0,0,46,27,0,6,0),(180108,10,5,0,0,0,0,0,972,502,1,57,0),(180123,0,0,0,0,0,0,0,14,11,0,0,0),(180157,6,1,0,0,0,0,0,489,369,0,1,0),(180197,1,0,0,0,0,0,0,8,6,0,0,0),(180200,3,2,0,0,0,0,1,68,46,0,0,0),(180206,0,0,0,0,0,0,0,9,6,0,0,0),(180207,0,0,0,0,0,0,0,91,37,0,6,0),(180209,1,0,0,0,0,0,0,317,228,0,4,0),(180210,5,4,1,0,0,0,1,34,16,0,0,0),(180212,10,5,2,0,0,0,1,215,95,0,17,4),(180424,5,0,1,0,0,0,0,490,338,0,43,0),(180764,0,0,0,0,0,0,0,114,100,0,0,0),(180848,1,1,0,0,0,0,0,24,10,0,0,0),(180889,0,0,0,0,0,0,0,86,66,0,5,3),(181972,0,0,0,0,0,0,0,4,1,0,0,0),(184255,1,1,0,0,0,0,0,3,1,0,0,0);
/*!40000 ALTER TABLE `attack_data` ENABLE KEYS */;
UNLOCK TABLES;

--
-- Table structure for table `club_info`
--

DROP TABLE IF EXISTS `club_info`;
/*!40101 SET @saved_cs_client     = @@character_set_client */;
/*!50503 SET character_set_client = utf8mb4 */;
CREATE TABLE `club_info` (
  `clubId` int NOT NULL,
  `clubName` varchar(255) DEFAULT NULL,
  `city` varchar(255) DEFAULT NULL,
  `ground` varchar(255) DEFAULT NULL,
  `groundCapacity` int DEFAULT NULL,
  `groundLatitude` decimal(15,8) DEFAULT NULL,
  `groundLongitude` decimal(15,8) DEFAULT NULL,
  `homeWins` int DEFAULT NULL,
  `homeDraws` int DEFAULT NULL,
  `homeLoses` int DEFAULT NULL,
  `awayWins` int DEFAULT NULL,
  `awayDraws` int DEFAULT NULL,
  `awayLoses` int DEFAULT NULL,
  `possesions` decimal(10,8) DEFAULT NULL,
  `passAccuracy` decimal(10,8) DEFAULT NULL,
  PRIMARY KEY (`clubId`)
) ENGINE=InnoDB DEFAULT CHARSET=utf8mb4 COLLATE=utf8mb4_0900_ai_ci;
/*!40101 SET character_set_client = @saved_cs_client */;

--
-- Dumping data for table `club_info`
--

LOCK TABLES `club_info` WRITE;
/*!40000 ALTER TABLE `club_info` DISABLE KEYS */;
INSERT INTO `club_info` VALUES (1,'Arsenal','London','Emirates Stadium',60272,51.55480000,-0.10853300,8,5,3,3,8,5,53.40000000,53.40000000),(2,'Aston Villa','Birmingham','Villa Park',42682,52.50850000,-1.88495000,5,3,8,2,3,11,46.70000000,77.40000000),(4,'Chelsea','London','Stamford Bridge',41798,51.48160000,-0.19101600,8,3,5,8,3,5,57.30000000,84.90000000),(6,'Crystal Palace','London','Selhurst Park',25073,51.39790000,-0.08592300,6,4,6,5,5,6,46.20000000,76.00000000),(7,'Everton','Liverpool','Goodison Park',39571,53.43870000,-2.96639000,8,5,3,4,3,9,48.70000000,77.20000000),(10,'Liverpool','Liverpool','Anfield',54074,53.43130000,-2.96158000,16,0,0,12,2,1,59.50000000,84.20000000),(11,'Manchester City','Manchester','Etihad Stadium',55000,53.48320000,-2.20042000,11,2,2,9,1,6,62.00000000,89.20000000),(12,'Manchester United','Manchester','Old Trafford',75635,53.46260000,-2.29103000,9,5,2,5,5,6,54.00000000,83.10000000),(14,'Norwich City','Norwich','Carrow Road',27244,52.62240000,1.30860000,4,3,9,1,3,12,50.50000000,80.30000000),(18,'Sheffield United','Sheffield','Bramall Lane',30370,53.36990000,-1.47067000,7,3,5,4,8,4,45.10000000,75.00000000),(20,'Southampton','Southampton','St Marys Stadium',32505,50.90650000,-1.39082000,4,2,10,8,2,6,48.30000000,71.90000000),(21,'Tottenham Hotspur','London','Tottenham Hotspur Stadium',62062,51.60420000,-0.06630000,9,3,4,3,6,6,51.80000000,81.20000000),(23,'Newcastle United','Newcastle','St James Park',52405,54.97520000,-1.62235000,6,7,3,5,2,9,41.50000000,74.80000000),(25,'West Ham United','London','London Stadium',60000,51.50870000,-0.00980000,5,3,8,3,3,10,44.80000000,75.80000000),(26,'Leicester City','Leicester','King Power Stadium',32312,52.62000000,-1.14150000,9,4,3,7,3,6,55.10000000,82.70000000),(33,'Watford','Watford','Vicarage Road',22000,51.64960000,-0.40173100,4,6,6,2,4,10,44.40000000,73.30000000),(38,'Wolverhampton Wanderers','Wolverhampton','Molineux Stadium',31500,52.59040000,-2.13077000,6,7,3,7,6,3,48.20000000,79.00000000),(43,'Burnley','Burnley','Turf Moor',21401,53.78850000,-2.23149000,8,2,6,5,4,7,43.20000000,69.00000000),(127,'AFC Bournemouth','Bournemouth','Vitality Stadium',11464,50.73490000,-1.83899000,4,5,7,3,1,12,46.90000000,76.40000000),(131,'Brighton and Hove Albion','Falmer','Amex Stadium',30750,50.86060000,-0.08223700,5,6,5,2,6,8,53.00000000,81.30000000);
/*!40000 ALTER TABLE `club_info` ENABLE KEYS */;
UNLOCK TABLES;

--
-- Table structure for table `country`
--

DROP TABLE IF EXISTS `country`;
/*!40101 SET @saved_cs_client     = @@character_set_client */;
/*!50503 SET character_set_client = utf8mb4 */;
CREATE TABLE `country` (
  `countryId` varchar(255) NOT NULL,
  `countryName` varchar(255) DEFAULT NULL,
  PRIMARY KEY (`countryId`)
) ENGINE=InnoDB DEFAULT CHARSET=utf8mb4 COLLATE=utf8mb4_0900_ai_ci;
/*!40101 SET character_set_client = @saved_cs_client */;

--
-- Dumping data for table `country`
--

LOCK TABLES `country` WRITE;
/*!40000 ALTER TABLE `country` DISABLE KEYS */;
INSERT INTO `country` VALUES ('AL','Albania'),('AM','Armenia'),('AR','Argentina'),('AT','Austria'),('AU','Australia'),('BA','Bosnia And Herzegovina'),('BE','Belgium'),('BR','Brazil'),('CA','Canada'),('CD','The Democratic Republic Of Congo'),('CH','Switzerland'),('CI','Cote DIvoire'),('CL','Chile'),('CM','Cameroon'),('CO','Colombia'),('CU','Cuba'),('CW','Curacao'),('CZ','Czech Republic'),('DE','Germany'),('DK','Denmark'),('DZ','Algeria'),('EG','Egypt'),('ES','Spain'),('FI','Finland'),('FR','France'),('GA','Gabon'),('GB-ENG','England'),('GB-NIR','Northern Ireland'),('GB-SCT','Scotland'),('GB-WLS','Wales'),('GH','Ghana'),('GN','Guinea'),('GP','Guadeloupe'),('GR','Greece'),('GW','Guinea Bissau'),('HR','Croatia'),('IE','Ireland'),('IR','Iran'),('IS','Iceland'),('IT','Italy'),('JM','Jamaica'),('JP','Japan'),('KE','Kenya'),('KR','South Korea'),('MA','Morocco'),('ML','Mali'),('MX','Mexico'),('NG','Nigeria'),('NL','Netherlands'),('NO','Norway'),('NZ','New Zealand'),('PL','Poland'),('PT','Portugal'),('PY','Paraguay'),('RO','Romania'),('RS','Serbia'),('RU','Russia'),('SE','Sweden'),('SK','Slovakia'),('SL','Sierra Leone'),('SN','Senegal'),('ST','Sao Tome And Principe'),('TR','Turkey'),('TZ','Tanzania'),('UA','Ukraine'),('US','United States'),('UY','Uruguay'),('XK','Kosovo'),('YU','Yugoslavia'),('ZA','South Africa'),('ZW','Zimbabwe');
/*!40000 ALTER TABLE `country` ENABLE KEYS */;
UNLOCK TABLES;

--
-- Table structure for table `defence_data`
--

DROP TABLE IF EXISTS `defence_data`;
/*!40101 SET @saved_cs_client     = @@character_set_client */;
/*!50503 SET character_set_client = utf8mb4 */;
CREATE TABLE `defence_data` (
  `playerId` int NOT NULL,
  `outfielderBlock` int DEFAULT NULL,
  `interception` int DEFAULT NULL,
  `totalTackle` int DEFAULT NULL,
  `lastManTackle` int DEFAULT NULL,
  `totalClearance` int DEFAULT NULL,
  `headClearance` int DEFAULT NULL,
  `aerialWon` int DEFAULT NULL,
  `own_Goals` int DEFAULT NULL,
  `errorLeadToGoal` int DEFAULT NULL,
  `penaltyConceded` int DEFAULT NULL,
  `fouls` int DEFAULT NULL,
  `aerialLost` int DEFAULT NULL,
  PRIMARY KEY (`playerId`),
  CONSTRAINT `defence_data_ibfk_1` FOREIGN KEY (`playerId`) REFERENCES `players_info` (`playerId`)
) ENGINE=InnoDB DEFAULT CHARSET=utf8mb4 COLLATE=utf8mb4_0900_ai_ci;
/*!40101 SET character_set_client = @saved_cs_client */;

--
-- Dumping data for table `defence_data`
--

LOCK TABLES `defence_data` WRITE;
/*!40000 ALTER TABLE `defence_data` DISABLE KEYS */;
INSERT INTO `defence_data` VALUES (4029,5,19,48,0,10,8,14,0,0,0,27,10),(4600,2,5,8,0,10,4,5,0,0,0,1,6),(5745,1,8,19,0,5,1,4,0,0,0,17,16),(5990,3,29,62,0,17,3,24,0,0,0,29,11),(6009,1,3,7,0,2,0,3,0,0,0,9,12),(6011,0,0,0,0,15,0,9,0,3,0,0,0),(6013,0,2,2,0,9,4,13,0,1,0,3,7),(6280,17,56,72,0,65,31,82,0,0,0,34,53),(6363,9,36,17,0,53,23,31,0,0,0,18,21),(6447,12,48,77,0,58,28,68,0,0,0,45,51),(6505,10,31,39,0,55,27,50,0,0,1,6,22),(6566,2,5,12,0,22,20,63,0,0,0,32,87),(6577,0,5,17,0,1,0,1,0,0,0,14,4),(6623,0,20,39,0,7,3,9,0,0,0,15,17),(6723,16,22,44,0,76,46,61,1,0,1,24,41),(6773,2,7,19,0,6,3,3,0,0,0,23,17),(7018,4,31,22,0,9,4,10,0,0,1,14,15),(7431,1,0,7,0,1,0,2,0,0,0,7,6),(7748,5,39,52,0,33,12,30,0,0,1,41,23),(10045,12,20,13,0,66,40,48,0,0,0,7,32),(10046,21,41,19,1,141,70,100,0,0,2,15,56),(10048,0,1,1,0,4,4,2,0,0,0,0,0),(10050,5,22,45,0,44,17,32,0,0,1,24,27),(10059,3,15,12,0,17,11,6,0,0,0,10,25),(10205,8,47,65,1,33,22,16,0,0,0,38,19),(10292,31,42,41,0,160,80,131,0,2,3,25,90),(10314,2,6,10,0,8,4,64,0,0,0,35,88),(11230,0,1,1,1,9,2,7,0,0,0,0,2),(11241,2,2,0,0,11,7,8,0,0,0,1,10),(11259,4,2,13,0,18,15,41,0,0,0,17,78),(11653,12,15,26,0,8,3,20,0,1,0,26,24),(12507,1,10,17,0,25,17,164,0,0,0,29,245),(13589,4,18,17,0,21,8,9,0,0,0,12,14),(13742,23,48,34,1,96,42,83,0,0,0,16,48),(13935,2,16,41,0,2,2,8,0,0,0,42,18),(13981,2,6,18,0,3,2,3,0,0,1,6,7),(14011,6,21,30,0,50,29,27,0,0,0,22,19),(14109,9,17,21,1,53,31,62,0,0,1,18,39),(14111,6,13,18,0,24,14,30,0,0,0,15,13),(14131,9,27,37,0,54,29,35,0,0,0,15,33),(14287,9,13,23,0,20,8,17,0,0,0,15,22),(14288,0,1,4,0,4,3,4,0,0,0,1,6),(14289,0,2,6,0,3,1,6,0,0,0,4,4),(14290,2,4,11,0,14,10,49,0,0,0,47,122),(14848,3,16,32,0,14,8,18,0,0,0,11,39),(15123,10,66,72,0,141,88,101,0,1,1,23,56),(15257,16,25,41,0,133,62,67,0,0,0,13,53),(17894,0,3,11,0,3,1,16,0,0,0,5,23),(18566,0,0,1,0,1,1,19,0,0,0,8,32),(18721,3,8,14,0,8,3,46,0,0,0,29,51),(18843,39,56,56,1,166,89,162,0,0,0,45,54),(18957,0,9,15,0,1,0,3,0,0,0,8,4),(19041,16,26,37,0,89,41,39,0,1,1,12,54),(19205,3,27,26,0,16,8,24,0,0,0,26,32),(19415,3,26,34,0,29,10,16,0,0,0,12,9),(19444,3,13,12,0,20,11,15,0,0,0,2,16),(19506,3,6,13,0,14,7,13,0,0,0,8,13),(19511,3,7,32,0,11,9,25,0,0,0,26,70),(19592,7,19,27,0,65,30,52,0,1,0,19,31),(19595,4,16,37,0,21,13,11,0,0,0,24,16),(19619,0,2,11,0,13,10,17,0,0,0,25,59),(19620,0,8,12,0,13,6,16,0,0,0,17,40),(19667,1,0,1,0,2,1,2,0,0,0,1,1),(19695,5,20,24,0,29,15,11,0,0,0,14,11),(19884,0,0,0,0,0,0,0,0,0,0,1,2),(20023,0,1,5,0,2,2,16,0,0,0,16,29),(20234,28,26,33,0,140,63,59,1,0,0,16,64),(20239,0,17,18,0,15,9,6,0,0,0,13,33),(20253,0,0,0,0,4,3,3,0,0,0,1,1),(20255,4,3,26,0,29,19,36,0,0,1,18,21),(20262,9,65,72,0,52,29,47,0,0,0,52,19),(20341,22,24,33,0,108,53,74,1,0,1,14,48),(20752,6,28,42,0,52,26,56,0,0,0,28,38),(21222,0,1,0,0,5,1,0,0,0,0,0,1),(21247,10,16,23,0,74,33,33,0,1,0,8,25),(21858,2,4,21,0,7,2,7,0,0,0,9,14),(22162,6,23,17,0,11,4,11,0,0,0,11,9),(22919,6,27,41,0,52,30,22,0,1,1,14,14),(23153,0,4,12,0,3,1,0,0,0,0,1,6),(23389,9,30,43,0,22,7,51,0,0,0,24,51),(23462,7,39,37,0,41,22,15,1,0,0,6,11),(23607,4,36,44,1,37,22,110,0,0,0,23,78),(25178,0,1,0,0,10,0,5,0,2,0,0,2),(26145,12,16,39,0,42,26,34,0,0,1,49,45),(26151,1,10,13,0,3,2,4,0,0,0,5,14),(30517,21,64,58,1,170,79,111,1,3,1,30,42),(30533,9,41,52,1,62,26,16,0,1,0,20,27),(30549,0,12,40,0,7,3,35,0,0,0,39,66),(30554,0,0,0,0,0,0,1,0,0,0,1,0),(30557,0,11,25,0,5,2,3,0,0,0,6,10),(30562,14,33,31,0,103,49,52,0,0,0,16,42),(30598,4,12,15,0,18,9,13,0,0,0,20,14),(30667,6,38,51,0,33,12,47,0,0,0,24,33),(30669,5,17,25,0,15,8,11,0,0,0,19,12),(30925,16,36,23,1,127,64,114,0,1,0,19,62),(30926,3,20,34,0,18,7,13,0,0,0,22,25),(30959,0,0,2,0,1,0,0,0,0,0,0,0),(30960,5,42,43,0,28,9,18,0,2,0,45,31),(30984,0,2,1,1,20,2,17,0,2,0,0,0),(30985,1,5,2,0,4,3,4,0,0,0,3,11),(31013,2,5,2,0,18,10,7,0,0,0,1,3),(31015,4,16,31,0,30,17,27,0,0,0,12,45),(31037,0,0,0,0,3,0,0,0,0,0,0,0),(31068,0,8,15,0,6,6,35,0,0,0,22,58),(31074,14,11,20,0,79,39,29,0,0,0,9,38),(31289,5,14,39,0,22,10,12,0,0,0,10,14),(31291,1,8,14,0,24,11,37,0,0,0,4,18),(31712,2,12,21,0,4,3,19,0,0,0,27,31),(31757,18,26,12,0,106,62,62,0,0,0,20,41),(31993,12,21,34,3,100,55,28,0,2,1,11,20),(32012,0,2,0,0,0,0,4,0,0,0,2,2),(32098,3,4,13,0,6,4,19,0,0,0,16,5),(32103,0,11,17,0,5,3,4,0,0,0,18,20),(32114,3,4,9,0,24,18,115,0,0,0,21,93),(32140,3,19,23,0,8,5,12,0,0,0,9,18),(32165,0,0,1,0,0,0,0,0,1,0,0,0),(32203,2,7,14,0,19,5,2,1,0,0,5,1),(32539,0,0,0,0,3,0,1,0,0,0,0,0),(33468,6,21,18,1,69,47,68,0,0,0,14,24),(33511,5,8,17,0,15,6,7,0,0,0,8,11),(34626,0,14,28,0,15,10,21,0,0,0,11,22),(34877,4,14,10,0,57,36,52,0,0,0,10,14),(34883,5,11,15,0,65,34,37,1,0,0,16,25),(35017,8,20,18,0,15,7,26,0,0,0,17,17),(35018,2,16,21,0,19,12,32,0,0,0,12,25),(35149,3,14,33,0,11,9,9,0,0,0,17,16),(35777,0,0,0,0,1,1,7,0,0,0,1,3),(35800,15,41,47,0,108,59,103,0,0,0,37,52),(35862,3,19,30,0,20,8,23,0,0,1,37,19),(41062,2,4,7,0,27,25,160,0,0,0,49,189),(41538,6,29,18,0,46,20,54,0,0,1,15,31),(41632,3,1,3,0,5,5,3,0,0,0,3,7),(42220,6,68,98,0,57,21,71,0,1,2,42,64),(42655,3,21,31,0,19,9,17,0,0,0,18,11),(42727,3,10,17,0,10,6,13,0,0,0,14,16),(42970,10,23,41,0,22,6,15,0,0,0,31,23),(42971,1,3,8,0,7,4,8,0,0,0,7,7),(43047,6,10,13,2,41,18,49,0,0,0,4,27),(43049,4,12,13,0,37,24,47,0,0,0,7,5),(43062,3,3,0,0,6,3,7,0,0,0,1,0),(43133,5,11,12,0,21,8,8,0,0,0,6,13),(43135,3,6,15,0,22,6,8,0,0,0,13,6),(43231,5,28,42,0,32,20,43,0,1,0,33,31),(43997,2,1,5,0,9,6,37,0,0,0,15,39),(44017,0,5,10,0,6,4,7,0,0,0,11,14),(44026,2,16,24,0,25,19,16,0,0,0,15,10),(44029,0,3,1,0,20,5,11,0,3,0,2,1),(44030,1,18,28,0,10,5,13,0,0,1,20,20),(44032,0,7,16,0,8,0,8,0,0,0,10,7),(44033,3,14,18,0,16,9,8,0,0,0,7,12),(44159,15,19,24,0,103,49,79,1,0,0,17,47),(46085,0,3,0,0,20,0,11,0,3,0,1,0),(46676,0,1,1,0,17,0,9,0,0,0,0,0),(46933,0,7,21,0,2,1,7,0,1,0,9,5),(46991,12,17,29,1,78,46,25,0,0,2,8,20),(47001,8,33,70,0,49,19,26,0,2,0,35,24),(47172,22,33,31,0,133,72,59,0,0,0,9,56),(47176,0,0,0,0,3,0,2,0,0,0,0,0),(47184,1,7,13,0,2,1,13,0,0,0,14,39),(47195,6,28,58,0,20,10,20,0,0,1,41,25),(48182,1,6,33,0,6,2,17,1,0,0,19,25),(48228,1,27,51,0,42,15,12,0,0,0,22,9),(48260,17,34,28,0,110,65,106,0,0,1,14,80),(48542,0,6,25,0,9,7,22,0,0,0,33,45),(48549,6,27,34,0,48,29,43,0,1,0,15,25),(49704,5,46,49,0,26,11,25,0,0,0,27,24),(49709,12,28,35,0,45,24,56,0,0,0,33,69),(49710,0,0,0,0,0,0,0,0,0,0,2,1),(50015,4,24,25,0,30,13,28,0,0,0,25,30),(50016,4,14,23,0,16,8,13,0,0,0,5,10),(50119,5,11,15,0,19,9,22,0,0,0,8,14),(50135,7,35,48,0,47,19,28,0,0,0,17,31),(50136,2,14,31,0,35,14,11,0,0,0,14,7),(50336,2,14,10,0,19,8,3,0,0,0,2,5),(50563,0,2,2,0,0,0,3,0,0,0,1,0),(51275,6,16,41,0,45,24,28,0,0,0,30,14),(51329,5,15,27,1,18,12,22,0,0,0,15,14),(51340,9,19,41,0,47,19,7,0,0,0,10,16),(51513,6,7,4,0,45,22,22,0,0,0,3,23),(51519,15,21,29,0,99,42,60,0,0,0,14,32),(51690,5,16,39,0,32,14,24,0,0,0,26,15),(51699,2,5,15,0,11,7,13,0,0,0,20,48),(51703,5,32,59,0,29,13,23,0,1,0,29,22),(51790,1,1,4,0,2,1,15,0,0,0,8,29),(52087,6,15,23,0,15,8,21,0,0,0,16,29),(52102,0,3,9,0,4,2,2,0,0,0,11,7),(52220,0,2,11,0,2,1,6,0,0,0,10,11),(52229,16,55,74,0,45,17,42,0,0,0,46,65),(52240,3,27,44,0,13,3,13,0,1,0,29,21),(52266,20,32,42,3,112,49,50,0,0,0,24,41),(52277,2,3,7,0,15,13,102,1,0,0,25,151),(52304,0,1,0,0,7,1,5,0,1,1,1,1),(52974,1,4,29,0,11,8,15,0,0,0,20,27),(53032,0,1,7,0,2,1,3,0,1,0,2,1),(53036,6,40,79,0,64,38,53,1,0,2,32,54),(53174,2,30,53,0,55,28,29,0,1,0,40,45),(53178,4,31,44,0,36,17,21,0,0,0,24,31),(53183,0,2,5,0,12,4,4,0,1,0,1,2),(53278,3,13,5,0,28,11,8,0,0,0,1,10),(55835,30,19,20,0,109,55,44,0,0,1,9,29),(56726,18,31,24,0,76,44,44,1,0,0,12,18),(58929,0,3,14,0,0,0,2,0,0,0,27,12),(64876,0,0,6,0,2,0,2,0,0,0,4,6),(90117,1,0,3,0,6,4,2,0,0,0,2,2),(90688,0,7,4,0,13,7,6,0,0,0,7,2),(90844,0,0,0,0,17,0,13,0,3,0,1,2),(90847,1,13,20,0,29,10,20,0,2,0,7,17),(90860,4,45,77,1,48,23,54,0,0,1,46,42),(90987,7,24,31,1,19,5,11,0,0,0,16,8),(91041,8,65,99,0,46,23,46,0,0,1,33,32),(91050,2,9,10,0,5,5,72,0,0,0,31,86),(91606,1,1,2,0,6,5,2,0,0,0,18,21),(92622,12,35,22,2,140,68,157,0,0,0,12,50),(93725,0,6,10,0,1,0,6,0,0,0,9,14),(93814,0,6,6,0,0,0,9,0,0,0,8,33),(93882,1,5,13,0,5,2,9,0,0,0,6,8),(93899,1,8,14,0,3,0,2,0,0,0,10,9),(93957,0,5,2,0,4,3,3,0,1,0,3,12),(93960,1,11,17,0,7,0,2,0,0,0,8,22),(93962,0,0,5,0,1,1,2,0,0,0,1,8),(94007,6,21,34,0,27,17,25,0,1,0,15,17),(94133,5,16,9,0,17,6,18,0,0,0,6,9),(94140,1,18,23,0,14,9,16,0,0,0,4,11),(94217,0,12,27,0,11,4,23,0,0,0,14,48),(94221,1,2,5,0,7,6,36,0,0,0,13,31),(94228,2,15,34,0,17,10,50,0,0,0,19,64),(94350,0,5,19,0,2,1,4,0,0,0,7,14),(94486,0,1,0,0,0,0,0,0,0,0,2,8),(95187,6,5,25,0,6,3,62,0,0,0,19,113),(96594,1,1,5,0,23,20,86,0,1,0,14,44),(106028,5,26,54,0,26,9,45,1,0,1,43,51),(114653,7,23,37,0,52,31,62,0,0,0,14,43),(115748,0,7,24,0,5,1,10,0,0,0,27,34),(128164,5,37,50,0,65,38,33,0,1,0,16,24),(128282,2,15,17,0,14,8,14,0,2,0,12,17),(128570,1,17,43,0,26,6,17,0,1,1,26,35),(128766,5,26,43,0,19,6,22,0,0,0,27,35),(129737,0,1,1,0,33,0,9,0,5,0,0,0),(129749,6,49,119,3,74,38,42,0,0,1,45,48),(129750,16,42,41,0,150,72,98,0,0,0,19,58),(129751,0,2,3,0,1,1,3,0,0,0,1,1),(129752,0,25,33,0,5,0,1,0,0,0,27,18),(129756,0,0,1,0,37,2,17,1,1,0,0,2),(129759,2,29,51,0,15,5,38,0,0,0,28,24),(129760,0,8,18,0,1,1,5,0,0,0,5,5),(129761,10,18,68,0,52,25,32,0,0,0,21,29),(129762,9,29,40,0,83,51,63,0,0,0,21,23),(129845,0,0,0,0,26,2,10,0,2,0,0,2),(129879,20,40,25,1,136,67,67,0,1,3,25,26),(129917,0,1,2,0,16,0,6,0,2,1,1,0),(130045,0,9,59,0,5,1,7,0,0,0,36,24),(130050,8,37,57,0,26,7,9,0,0,0,41,18),(130310,2,8,26,0,15,6,10,0,0,0,23,26),(130400,1,6,6,0,4,2,5,0,0,0,4,2),(130553,0,0,2,0,0,0,0,0,0,0,2,2),(130554,2,8,20,0,14,5,5,0,0,0,6,7),(130623,4,9,16,0,8,2,5,0,0,0,8,4),(130624,5,21,73,0,20,8,27,0,2,0,30,42),(130627,0,6,11,0,6,2,5,0,0,0,23,38),(130671,24,17,25,0,67,39,59,0,1,0,19,28),(130672,11,24,37,0,54,28,62,0,0,1,20,26),(130759,0,0,1,0,24,1,9,0,2,2,2,0),(131690,0,0,1,0,0,0,6,0,0,0,1,1),(131743,0,8,28,0,7,3,22,0,0,0,39,45),(131750,0,2,0,0,10,1,9,0,2,0,0,1),(131752,7,30,29,0,21,9,10,0,0,0,18,19),(131779,0,17,23,0,7,1,9,0,0,0,10,18),(131780,7,29,31,0,34,16,13,0,0,0,17,16),(131781,1,4,11,0,3,2,3,0,0,0,15,13),(132044,6,20,15,0,74,38,52,0,0,0,6,21),(132466,0,0,0,0,2,0,0,0,0,0,0,0),(132770,0,0,1,0,0,0,2,0,0,0,1,4),(132771,5,57,58,1,24,7,12,0,0,1,25,31),(132927,1,22,46,0,10,5,6,0,0,0,17,19),(133131,0,1,0,0,13,0,4,0,0,0,1,0),(133133,24,47,39,1,139,63,107,0,1,1,30,66),(133548,0,4,16,0,0,0,7,0,0,1,25,11),(133641,11,42,85,0,14,5,17,0,0,0,36,21),(133644,2,3,37,0,18,14,68,0,0,0,28,104),(133646,4,11,63,0,34,25,67,0,0,0,32,110),(133647,6,66,39,0,46,22,23,0,0,0,12,25),(133649,0,0,0,0,29,0,16,1,1,1,1,1),(133651,3,7,15,0,3,1,24,0,0,0,16,33),(133675,2,0,1,0,0,0,0,0,0,0,1,2),(133749,16,37,36,0,67,28,28,0,1,0,23,28),(133868,25,26,42,0,55,19,16,0,0,0,26,40),(134236,6,33,64,0,72,33,81,1,0,0,31,38),(134321,8,35,61,0,44,26,83,0,0,0,26,66),(134380,0,0,3,0,0,0,0,0,0,0,2,6),(134381,1,7,19,0,2,0,2,0,0,0,6,9),(134618,6,11,17,0,29,21,18,0,1,0,8,11),(134737,0,1,1,0,1,1,1,0,0,0,3,2),(135116,7,22,29,1,42,19,34,0,0,0,7,28),(135117,0,2,5,0,4,3,11,0,0,0,3,25),(135169,3,1,3,0,5,4,13,0,0,0,1,37),(135175,11,47,39,0,35,23,46,0,0,0,33,45),(135177,7,16,26,0,41,25,37,0,0,1,18,31),(135178,0,0,0,0,2,0,0,0,0,0,0,0),(135191,3,12,32,0,12,7,35,0,0,0,35,46),(135192,0,1,1,1,10,0,5,0,0,0,0,0),(135200,1,18,47,0,14,6,15,0,0,0,26,26),(135240,5,23,54,1,30,14,20,0,0,0,25,17),(135243,12,25,37,0,90,53,105,1,0,0,19,66),(135245,1,13,31,0,5,2,1,0,0,0,15,10),(135251,19,20,39,0,153,87,49,0,0,0,14,40),(135262,15,37,59,0,89,54,115,0,0,0,27,39),(135589,11,42,21,3,88,48,87,1,0,1,26,30),(135591,5,19,31,0,19,7,17,0,1,0,15,21),(135654,3,8,32,0,11,6,6,0,0,0,18,37),(135671,0,4,6,0,0,0,1,0,0,0,4,4),(135976,0,3,8,0,1,0,0,0,0,0,2,5),(136255,19,40,56,0,138,65,100,0,0,2,26,58),(136298,0,0,0,0,1,0,0,0,1,0,0,0),(136935,2,5,7,0,27,23,79,1,0,0,16,102),(137781,1,5,3,0,3,1,6,0,0,0,6,5),(138634,0,1,2,0,0,0,0,0,0,0,0,1),(138686,0,0,0,0,1,1,0,0,0,0,0,0),(139561,2,5,25,0,15,9,25,0,0,0,3,5),(139564,0,4,15,0,4,2,4,0,0,0,8,12),(140935,10,24,48,0,21,8,33,0,0,0,26,28),(141016,0,7,3,0,20,7,5,0,0,0,2,12),(141189,2,10,8,0,13,8,10,0,2,0,6,7),(143584,7,34,39,0,59,44,85,0,0,1,23,84),(144289,1,4,4,0,7,3,12,0,0,0,2,10),(144363,13,33,43,0,93,39,43,0,0,0,16,36),(144510,1,6,7,0,15,9,52,0,0,0,11,66),(144514,0,0,3,2,36,0,7,0,1,0,0,4),(144579,12,42,60,0,37,18,40,0,0,0,28,27),(144698,0,3,16,0,6,4,17,0,0,0,6,34),(153012,11,17,20,1,62,35,33,0,1,0,11,23),(153068,0,0,0,0,0,0,0,0,0,0,0,0),(154172,0,1,4,0,0,0,1,0,0,0,2,2),(154335,1,29,44,0,14,7,10,0,0,0,25,23),(154336,9,51,86,0,28,12,35,0,1,0,31,41),(154432,10,45,71,0,59,26,44,0,0,0,35,64),(154433,1,0,4,0,1,1,7,0,0,0,4,13),(154766,0,0,5,0,3,2,18,0,0,0,14,30),(156959,5,26,17,0,71,43,54,0,2,0,6,37),(157053,1,19,14,0,7,1,11,1,0,0,12,20),(159287,0,2,1,0,1,0,2,0,0,0,2,2),(159627,4,7,21,0,5,1,8,0,0,0,12,25),(159635,0,2,3,0,2,0,1,0,0,0,2,5),(159637,1,20,38,0,5,3,8,0,0,0,15,39),(159638,1,9,27,0,9,3,3,0,0,0,23,16),(159677,0,2,2,0,5,1,1,0,0,0,6,2),(159689,2,4,15,0,23,18,69,0,0,0,43,93),(159713,0,9,21,0,5,2,2,0,0,0,12,16),(159715,3,4,18,0,5,3,10,0,0,0,26,11),(159737,4,3,16,0,10,6,9,0,0,1,3,23),(159741,0,0,2,0,4,2,12,0,1,0,4,27),(159974,0,1,4,0,0,0,0,0,0,0,2,3),(159994,12,55,108,0,52,21,18,0,0,1,15,32),(160025,11,35,59,1,57,40,84,1,1,1,24,70),(160029,8,51,41,0,63,27,35,0,0,0,23,35),(160032,25,26,19,0,94,58,69,0,0,0,23,33),(160034,1,11,18,0,11,5,28,0,0,0,19,53),(160036,0,15,18,0,23,17,70,0,0,0,33,100),(160054,1,19,53,0,13,6,7,0,0,0,16,13),(160081,0,0,0,0,2,0,1,0,1,0,0,1),(160096,3,13,24,0,6,1,7,0,0,0,13,8),(160103,0,10,6,0,5,3,4,0,0,0,6,6),(160118,2,3,8,0,2,0,0,0,0,0,8,3),(160156,0,13,36,0,7,4,23,0,0,0,21,31),(160158,5,23,43,0,28,17,52,0,0,0,39,28),(160166,4,3,4,0,17,8,12,0,0,0,1,2),(160312,10,14,18,0,50,32,20,0,0,0,9,14),(160313,2,23,37,0,37,14,24,0,0,1,14,9),(160314,3,18,37,0,11,4,22,0,0,0,29,26),(160323,45,27,13,0,151,68,55,0,2,1,18,35),(160422,19,20,16,0,49,19,40,0,1,0,12,35),(160424,3,15,36,0,16,6,9,0,0,0,32,41),(160457,3,15,26,0,16,9,15,0,1,0,18,9),(160488,17,28,11,0,85,42,55,0,1,2,5,27),(160495,8,26,40,0,61,33,43,0,0,0,16,39),(160522,5,8,18,0,22,19,206,0,0,0,42,199),(160579,0,0,0,0,0,0,0,0,0,0,0,2),(160587,0,3,9,0,2,1,19,0,0,0,22,62),(160652,1,1,6,0,1,1,2,0,0,0,2,12),(160671,5,10,27,0,28,17,163,0,0,0,28,220),(160672,2,20,26,0,13,9,18,0,0,0,26,39),(160682,2,24,34,0,6,4,8,0,0,0,13,18),(160683,15,21,35,0,37,14,26,0,1,1,38,33),(160688,3,13,35,0,17,13,75,0,0,0,52,152),(160698,1,3,8,0,4,1,2,0,0,0,2,4),(160732,15,59,66,0,90,51,96,0,1,0,36,69),(160755,0,1,0,0,23,2,15,0,1,0,0,0),(160772,0,0,3,1,12,1,7,1,0,1,1,0),(160773,11,39,55,0,31,7,23,0,1,0,23,27),(160781,0,7,3,0,2,0,2,0,0,0,0,10),(160783,1,8,31,0,4,2,18,0,0,0,12,34),(160845,5,17,37,0,38,22,22,0,0,0,10,16),(160846,2,8,8,0,4,1,7,0,0,0,15,17),(160847,3,13,34,0,35,31,162,0,0,0,19,158),(160892,17,38,24,0,81,35,87,1,1,2,8,55),(160893,0,1,4,0,4,3,3,0,0,0,2,2),(160895,0,6,6,0,2,0,5,0,0,0,12,20),(160897,0,5,5,0,1,1,9,0,0,0,24,20),(161345,17,61,34,0,142,86,153,0,0,0,30,59),(161346,0,0,1,1,12,1,4,0,2,0,0,0),(161349,0,4,17,0,6,1,21,0,0,0,31,76),(161350,24,17,14,0,110,56,82,0,0,0,14,50),(161377,1,11,16,0,13,9,8,0,0,0,12,8),(161384,0,0,0,0,0,0,0,0,0,0,1,0),(161386,0,0,0,0,1,0,0,0,0,0,0,0),(161388,0,0,0,0,0,0,0,0,0,0,2,2),(161396,0,0,0,0,0,0,1,0,0,0,0,3),(161402,2,8,21,0,9,4,2,0,0,1,7,18),(161449,0,0,1,0,3,0,2,0,0,0,0,0),(161453,2,4,8,0,25,14,14,0,0,0,3,7),(161456,1,2,2,0,7,3,27,0,0,0,14,50),(161459,2,12,38,0,7,0,15,0,0,0,21,38),(161463,0,1,16,0,13,10,103,0,0,0,28,113),(161464,4,8,38,1,12,7,39,0,1,0,30,97),(161537,0,0,2,0,1,1,0,0,0,0,0,6),(161548,2,38,78,2,27,13,29,0,0,0,23,29),(161549,2,16,29,0,10,7,15,0,0,0,12,15),(161550,0,0,11,0,2,1,15,0,0,0,6,19),(161558,5,20,64,0,10,1,13,0,0,0,22,18),(161559,0,0,1,0,0,0,1,0,0,0,6,10),(161985,3,6,13,0,24,14,5,0,0,0,3,2),(161990,1,13,9,0,5,3,12,0,0,0,16,29),(161996,0,2,5,0,3,2,5,0,0,0,11,5),(162014,0,3,6,0,10,8,6,0,0,1,4,5),(162019,29,26,25,0,106,63,42,0,2,4,24,35),(162020,2,12,24,0,7,4,8,0,1,0,9,11),(162021,1,14,26,0,12,5,5,0,0,1,15,11),(162023,0,1,8,0,6,4,5,0,0,0,6,3),(162118,1,15,38,0,14,6,10,0,0,0,21,12),(162156,3,2,6,0,7,3,7,0,0,0,4,12),(162532,8,10,21,0,50,28,45,1,0,0,15,33),(163201,1,3,1,0,10,8,7,0,0,0,1,8),(163747,0,1,0,0,0,0,0,0,0,0,0,0),(163789,0,0,0,0,1,1,2,0,0,0,2,1),(163811,1,0,1,0,1,1,4,0,0,0,2,1),(166103,3,4,10,0,17,6,8,0,0,1,6,7),(166468,17,16,19,0,82,45,99,0,1,0,24,32),(166789,1,3,20,0,5,4,8,0,0,0,9,37),(171568,0,0,0,0,0,0,2,0,0,0,0,2),(172388,0,0,3,0,2,0,1,0,0,0,5,4),(172390,0,0,0,0,0,0,1,0,0,0,1,1),(172462,0,2,1,0,2,0,0,0,0,0,0,2),(172469,0,0,0,0,0,0,0,0,0,0,1,0),(175380,0,6,7,0,5,2,0,0,1,0,8,6),(175441,0,0,3,0,0,0,0,0,0,0,0,1),(175528,0,0,4,0,2,2,12,0,0,0,8,38),(175534,1,7,15,0,15,3,7,0,0,0,4,13),(175545,0,1,1,0,2,2,0,0,0,0,0,0),(175596,1,2,4,0,1,1,8,0,0,0,5,20),(175656,2,6,17,0,7,5,6,0,0,0,8,17),(175680,0,9,10,0,1,1,4,0,0,0,8,13),(175685,0,0,0,0,9,1,5,0,1,0,1,0),(176689,9,23,27,0,61,31,28,1,0,0,4,32),(179147,1,3,7,0,3,1,1,0,0,0,3,4),(179148,0,0,1,0,0,0,0,0,0,0,0,1),(179279,0,0,0,0,10,0,4,1,2,0,0,0),(179281,0,1,3,0,4,1,25,0,0,0,3,47),(179282,3,6,10,0,16,4,11,0,0,0,2,8),(179296,1,12,12,0,5,3,5,0,0,0,12,7),(179348,2,11,14,0,22,12,14,0,0,0,14,7),(179384,5,19,35,0,21,9,13,0,0,0,10,22),(179415,3,2,1,0,7,2,5,0,0,0,2,3),(179421,0,1,7,0,2,1,1,0,0,0,2,3),(180000,3,7,36,0,14,6,5,0,0,0,17,16),(180005,0,1,7,0,3,0,7,0,0,0,5,6),(180025,1,12,19,0,14,5,6,0,0,0,9,10),(180034,2,4,13,0,10,5,4,0,0,0,2,8),(180035,1,16,15,0,19,12,32,1,0,0,5,28),(180046,0,7,6,0,3,3,4,0,0,0,11,19),(180050,0,0,1,0,1,0,0,0,0,0,1,1),(180060,0,8,16,0,11,6,2,0,0,0,5,8),(180063,0,7,12,0,8,6,18,0,0,0,11,10),(180064,8,13,32,0,40,19,19,0,2,0,21,15),(180093,1,4,5,0,5,1,9,0,0,0,3,8),(180097,1,0,1,0,0,0,0,0,0,0,0,3),(180108,4,20,48,0,44,17,18,0,0,0,10,26),(180123,0,0,2,0,0,0,0,0,0,0,1,6),(180157,5,16,18,0,55,31,16,0,0,1,8,13),(180197,0,0,0,0,0,0,0,0,0,0,1,0),(180200,0,1,1,0,0,0,10,0,0,0,4,10),(180206,0,0,1,0,0,0,0,0,0,0,0,2),(180207,0,0,5,0,5,3,1,0,0,0,4,0),(180209,8,9,4,0,28,14,20,0,0,0,4,13),(180210,1,0,1,0,0,0,0,0,0,0,1,1),(180212,0,13,12,1,3,1,0,0,0,0,3,11),(180424,0,9,5,0,15,7,6,0,0,0,2,7),(180764,0,1,2,0,9,6,4,0,0,0,2,3),(180848,0,0,2,0,0,0,0,0,0,0,1,2),(180889,0,3,1,0,2,2,2,0,0,0,1,0),(181972,0,0,0,0,0,0,0,0,0,0,0,1),(184255,0,0,0,0,0,0,1,0,0,0,0,1),(184283,0,0,0,0,0,0,0,0,0,0,0,1);
/*!40000 ALTER TABLE `defence_data` ENABLE KEYS */;
UNLOCK TABLES;

--
-- Table structure for table `general_data`
--

DROP TABLE IF EXISTS `general_data`;
/*!40101 SET @saved_cs_client     = @@character_set_client */;
/*!50503 SET character_set_client = utf8mb4 */;
CREATE TABLE `general_data` (
  `playerId` int NOT NULL,
  `goals` int DEFAULT NULL,
  `goalAssist` int DEFAULT NULL,
  `appearances` int DEFAULT NULL,
  `minutePlayed` int DEFAULT NULL,
  `yellowCard` int DEFAULT NULL,
  `redCard` int DEFAULT NULL,
  `totalSubOn` int DEFAULT NULL,
  `totalSubOff` int DEFAULT NULL,
  PRIMARY KEY (`playerId`),
  CONSTRAINT `general_data_ibfk_1` FOREIGN KEY (`playerId`) REFERENCES `players_info` (`playerId`)
) ENGINE=InnoDB DEFAULT CHARSET=utf8mb4 COLLATE=utf8mb4_0900_ai_ci;
/*!40101 SET character_set_client = @saved_cs_client */;

--
-- Dumping data for table `general_data`
--

LOCK TABLES `general_data` WRITE;
/*!40000 ALTER TABLE `general_data` DISABLE KEYS */;
INSERT INTO `general_data` VALUES (4029,4,1,28,2307,5,0,0,11),(4600,0,0,6,336,0,0,3,1),(5745,4,7,22,1451,0,0,4,11),(5990,3,5,28,2135,2,0,3,9),(6009,16,3,24,1456,1,0,6,10),(6011,0,0,32,2880,2,0,0,0),(6013,0,0,2,135,0,0,0,1),(6280,2,5,30,2690,0,0,0,1),(6363,1,1,25,1959,4,0,2,11),(6447,5,3,32,2880,7,0,0,0),(6505,1,1,20,1554,2,0,2,3),(6566,13,2,23,2050,3,0,0,2),(6577,1,2,18,1448,1,0,0,11),(6623,8,5,31,2196,4,0,7,9),(6723,0,1,26,2156,6,2,2,3),(6773,2,1,20,1071,3,0,9,8),(7018,2,1,28,1859,7,0,8,4),(7431,0,2,18,743,1,0,10,6),(7748,3,1,26,2165,9,0,2,2),(10045,0,0,15,965,3,1,5,0),(10046,1,0,25,2110,6,1,0,2),(10048,0,0,2,127,0,0,0,1),(10050,0,1,21,1830,7,0,0,3),(10059,1,4,28,2063,2,0,7,2),(10205,0,1,27,2126,7,0,3,4),(10292,1,1,32,2880,7,0,0,0),(10314,6,0,19,1361,4,0,2,12),(11230,0,0,32,2880,2,0,0,0),(11241,0,0,8,160,0,0,7,0),(11259,19,4,29,2494,2,0,1,2),(11653,7,6,30,2694,8,0,0,1),(12507,6,2,21,1771,3,0,1,6),(13589,1,0,12,971,2,0,1,2),(13742,3,3,30,2691,9,0,0,1),(13935,3,3,32,2740,4,0,1,1),(13981,0,3,16,641,1,0,11,3),(14011,0,0,21,1479,7,0,4,4),(14109,0,2,17,1161,4,0,4,2),(14111,0,0,12,891,3,0,2,3),(14131,3,0,26,2295,7,0,0,2),(14287,3,1,18,938,1,0,8,5),(14288,0,0,5,235,1,0,3,1),(14289,0,0,9,346,0,0,6,3),(14290,8,0,30,2529,10,0,2,4),(14848,8,4,24,1840,2,0,3,9),(15123,0,1,32,2800,4,0,0,8),(15257,0,0,29,2490,7,0,1,2),(15279,0,0,1,13,0,0,1,0),(17894,3,1,24,571,1,0,19,5),(18566,0,0,12,357,0,0,9,3),(18721,4,2,21,1605,0,0,2,8),(18843,1,1,32,2880,9,0,0,0),(18957,1,1,10,657,1,0,2,3),(19041,1,3,23,2003,2,1,1,1),(19205,1,0,24,1536,7,0,7,4),(19415,0,2,16,1244,3,1,2,0),(19444,0,0,8,633,0,0,1,1),(19506,2,2,19,802,4,0,11,2),(19511,8,7,32,2621,0,0,2,17),(19592,2,0,22,1531,3,0,6,1),(19595,11,17,30,2433,3,0,2,11),(19619,14,3,26,2120,1,0,1,14),(19620,14,6,25,2129,2,0,0,9),(19667,0,0,2,22,0,0,2,0),(19695,5,1,20,1607,2,0,1,5),(19884,0,0,2,6,0,0,2,0),(20023,3,0,20,809,1,1,12,8),(20234,1,2,27,2418,4,0,0,1),(20239,9,9,24,2015,0,1,1,6),(20253,0,0,1,57,0,0,0,1),(20255,0,0,14,1024,5,0,3,2),(20262,0,2,27,2397,7,0,0,3),(20341,2,0,25,2250,4,0,0,0),(20752,3,3,26,2330,2,0,0,1),(21222,0,0,3,270,0,0,0,0),(21247,0,1,19,1550,0,0,2,3),(21858,1,0,23,704,1,0,16,6),(22162,1,1,17,796,2,1,8,4),(22919,0,1,17,1530,2,0,0,0),(23153,1,2,17,518,1,0,14,3),(23389,1,1,27,2294,3,1,1,1),(23462,3,1,25,2164,0,0,0,2),(23607,4,2,30,2420,1,0,3,4),(25178,0,0,15,1268,0,0,0,1),(26145,1,1,25,2096,7,0,0,5),(26151,0,2,22,1297,1,0,9,7),(30517,1,0,30,2698,3,0,0,1),(30533,3,12,32,2790,4,0,1,4),(30549,15,7,29,2341,2,0,2,11),(30554,0,0,2,24,1,0,2,0),(30557,1,1,18,976,0,0,7,6),(30562,0,2,21,1712,1,2,1,1),(30598,1,1,12,869,3,0,3,3),(30667,1,2,27,2163,4,1,2,4),(30669,0,0,23,1229,4,0,10,5),(30925,0,1,28,2520,3,0,0,0),(30926,5,2,27,2352,7,0,0,2),(30959,0,0,2,48,0,0,2,0),(30960,3,0,21,1655,4,0,2,2),(30984,0,0,32,2880,0,0,0,0),(30985,1,0,7,401,0,0,3,3),(31013,0,0,5,311,0,0,2,1),(31015,3,0,31,2509,0,0,1,12),(31037,0,0,2,158,0,0,1,0),(31063,0,0,1,11,0,0,1,0),(31068,10,5,28,1555,2,0,13,6),(31074,2,0,14,1188,3,0,0,3),(31289,0,1,15,910,3,1,5,2),(31291,0,0,12,905,0,0,2,1),(31712,13,1,27,2283,5,0,1,9),(31757,1,0,22,1902,4,0,0,2),(31993,0,0,32,2880,3,0,0,0),(32012,0,0,6,125,0,0,5,1),(32098,0,3,10,692,0,0,3,2),(32103,3,0,25,1471,3,0,10,10),(32114,1,1,21,996,4,0,11,5),(32140,0,1,16,963,2,0,7,6),(32165,0,0,2,180,0,0,0,0),(32203,0,1,8,608,1,0,1,2),(32539,0,0,4,346,0,0,1,0),(33468,1,0,17,1227,2,0,5,0),(33511,1,0,14,791,3,0,6,1),(34626,0,0,14,1028,0,1,3,1),(34877,0,1,12,935,1,0,2,1),(34883,0,0,16,1240,2,1,3,0),(35017,2,2,24,1934,8,0,2,6),(35018,4,2,14,1129,4,0,2,1),(35149,0,0,19,1183,1,0,7,2),(35777,0,0,6,112,1,0,6,0),(35800,2,1,28,2256,9,1,2,2),(35862,2,1,23,1941,6,0,1,3),(41062,13,1,30,2181,7,0,5,9),(41538,0,0,22,1459,4,0,6,1),(41632,0,0,2,180,0,0,0,0),(42220,2,1,26,2162,5,0,3,1),(42655,0,0,15,1004,4,1,3,5),(42727,2,1,14,859,2,0,5,4),(42970,2,6,29,2610,9,0,0,0),(42971,1,2,14,400,1,0,9,5),(43047,0,1,10,777,1,0,1,1),(43049,1,0,9,704,0,0,1,1),(43062,0,0,3,103,0,0,2,0),(43133,0,0,11,872,2,0,3,0),(43135,3,3,22,1187,4,0,8,11),(43231,4,1,23,1673,2,0,4,6),(43997,1,0,20,713,0,0,14,4),(44017,0,3,18,735,2,0,12,3),(44026,0,2,20,1307,3,0,5,4),(44029,0,0,29,2532,3,1,0,0),(44030,5,7,28,1680,5,0,9,9),(44032,1,0,12,715,0,0,3,3),(44033,0,0,10,589,2,0,4,1),(44159,1,0,29,2598,5,0,0,1),(46085,0,0,32,2880,2,0,0,0),(46676,0,0,32,2880,0,0,0,0),(46933,1,0,15,434,3,0,11,3),(46991,0,1,15,1296,2,0,0,1),(47001,2,3,32,2806,5,0,0,2),(47172,2,2,26,2285,2,0,0,1),(47176,0,0,4,360,0,0,0,0),(47184,17,7,28,2426,1,0,0,11),(47195,1,1,24,1762,4,0,3,12),(48182,2,4,24,1563,2,0,5,11),(48228,0,0,22,1772,5,0,2,4),(48260,2,0,25,2016,1,0,3,0),(48542,7,3,24,1505,6,0,7,10),(48549,0,0,20,1646,3,0,2,1),(49704,2,1,32,2550,9,0,3,7),(49709,0,0,30,2616,1,0,0,6),(49710,0,0,2,82,0,0,1,1),(50015,1,2,24,2061,5,0,0,4),(50016,0,1,17,798,1,0,8,7),(50119,1,1,15,821,0,0,7,1),(50135,1,8,30,2619,1,0,1,3),(50136,0,1,16,1215,4,0,2,3),(50336,0,0,12,634,0,0,6,2),(50563,0,0,2,30,0,0,2,0),(51275,0,1,15,1350,4,0,0,0),(51329,0,1,15,1153,1,0,2,3),(51340,1,0,22,1763,2,0,3,4),(51513,0,1,11,815,0,0,2,1),(51519,1,1,18,1584,5,0,0,2),(51690,0,0,16,1136,2,0,2,10),(51699,0,0,20,954,5,0,9,11),(51703,1,2,29,2507,4,0,1,1),(51790,2,0,21,722,1,0,14,5),(52087,0,2,18,1068,1,0,7,2),(52102,1,4,17,769,1,0,10,3),(52220,4,2,17,549,0,0,12,3),(52229,0,3,31,2678,5,0,0,10),(52240,2,2,29,2163,3,0,5,7),(52266,0,0,25,2160,5,0,1,1),(52277,11,1,26,2067,1,0,1,10),(52304,0,0,18,1612,1,0,1,0),(52974,5,5,24,1511,4,0,7,10),(53032,0,0,4,66,1,0,3,1),(53036,1,5,27,2166,1,1,2,6),(53174,2,3,32,2880,6,0,0,0),(53178,4,3,30,2272,5,0,5,5),(53183,0,0,4,238,0,0,3,0),(53278,0,0,9,556,0,1,2,1),(55835,0,0,24,2106,2,1,0,1),(56726,0,0,15,1262,4,0,1,1),(58929,0,0,20,891,3,0,11,9),(64876,0,0,9,190,0,0,7,2),(90117,0,0,3,121,1,0,2,0),(90688,0,0,8,362,2,0,4,4),(90844,0,0,22,1980,0,0,0,0),(90847,0,0,11,782,1,0,1,6),(90860,0,1,30,2626,5,0,1,1),(90987,0,0,25,1689,8,0,5,9),(91041,0,2,32,2880,6,0,0,0),(91050,3,3,18,1300,2,0,5,3),(91606,4,3,15,704,1,0,7,6),(92622,4,1,32,2880,1,0,0,0),(93725,1,2,21,1071,1,0,7,13),(93814,2,1,17,611,1,0,10,7),(93882,0,3,16,846,0,0,6,7),(93899,0,0,16,486,4,0,12,1),(93957,0,0,5,187,0,0,3,0),(93960,1,1,20,909,0,0,12,2),(93962,1,0,8,41,0,0,8,0),(94007,0,1,21,1463,3,1,4,3),(94133,0,0,11,760,1,0,1,7),(94140,0,0,14,1023,3,0,1,3),(94217,19,2,30,2657,3,1,0,2),(94221,3,0,12,611,0,0,5,7),(94228,4,2,29,1845,2,0,9,9),(94350,1,1,15,374,1,0,12,3),(94486,0,0,5,65,1,0,5,0),(95187,6,0,30,1520,1,0,16,5),(96594,0,4,16,573,1,0,12,1),(106028,4,2,31,2662,9,0,1,8),(106138,0,0,1,5,0,0,1,0),(114653,0,0,18,1527,5,0,0,2),(115748,1,3,25,1488,3,0,7,13),(128164,0,0,23,1843,4,0,2,3),(128282,0,2,17,1355,3,0,1,4),(128570,6,2,32,2220,4,0,5,18),(128766,2,6,32,2804,5,0,0,7),(129737,0,0,32,2880,0,0,0,0),(129749,3,2,28,2520,1,0,0,0),(129750,1,1,32,2846,5,0,0,2),(129751,0,0,4,66,0,0,3,1),(129752,4,5,28,2105,3,0,3,14),(129756,0,0,29,2610,1,0,0,0),(129759,2,2,23,1714,5,0,5,0),(129760,1,1,12,467,1,0,7,4),(129761,0,2,23,1877,5,0,2,2),(129762,0,1,16,1439,1,1,0,0),(129845,0,0,30,2650,2,0,0,1),(129879,3,0,26,2226,8,0,1,1),(129917,0,0,19,1579,1,0,0,2),(130045,6,3,31,2628,4,0,2,6),(130050,0,0,26,2090,7,0,3,2),(130310,4,1,24,1335,3,0,10,8),(130400,0,0,6,271,0,0,2,3),(130553,0,0,3,189,1,0,0,3),(130554,0,0,14,530,1,0,9,1),(130623,0,0,9,684,1,0,2,3),(130624,0,7,31,2158,4,0,7,7),(130627,11,3,31,2629,3,0,1,8),(130671,2,0,19,1697,6,0,0,1),(130672,1,0,20,1474,3,0,4,3),(130759,0,0,32,2880,1,0,0,0),(131690,0,0,7,197,0,0,5,2),(131743,6,1,28,1958,3,0,4,19),(131750,0,0,32,2880,0,0,0,0),(131752,1,1,24,1371,4,0,9,7),(131779,9,8,27,1632,0,0,9,7),(131780,0,1,24,1748,6,0,5,4),(131781,4,1,17,849,2,0,8,7),(132044,1,0,16,1227,2,0,2,2),(132466,0,0,2,180,0,0,0,0),(132770,1,0,6,175,0,0,4,1),(132771,4,2,26,2016,10,0,3,7),(132927,1,4,24,1502,1,0,4,14),(133131,0,1,23,2005,0,1,0,1),(133133,0,0,30,2649,2,1,0,1),(133548,0,2,20,760,2,0,12,7),(133641,1,6,32,2705,7,0,2,3),(133644,0,2,24,1507,2,0,6,15),(133646,11,3,30,2584,5,0,0,8),(133647,0,2,21,1794,6,0,0,4),(133649,0,0,30,2700,4,0,0,0),(133651,6,6,30,1849,0,0,8,18),(133675,0,0,4,57,0,0,3,1),(133749,2,0,19,1363,4,0,4,3),(133868,0,1,30,2700,7,0,0,0),(134236,0,6,29,2515,3,0,0,4),(134321,1,1,30,2193,2,0,4,14),(134380,0,0,7,201,0,0,5,1),(134381,0,0,15,634,1,0,9,5),(134618,0,0,6,526,1,0,0,1),(134707,0,0,0,0,0,0,0,0),(134737,0,0,4,100,0,0,3,0),(134740,0,0,1,19,0,0,1,0),(135116,1,0,15,1293,3,0,0,2),(135117,2,1,14,464,1,0,9,3),(135169,2,1,13,598,0,0,8,3),(135175,1,2,27,2177,9,1,2,5),(135177,1,1,14,1103,5,0,1,2),(135178,0,0,7,537,0,0,2,0),(135191,4,9,31,2201,0,0,8,7),(135192,0,0,28,2520,0,0,0,0),(135200,3,2,22,1808,2,0,1,4),(135240,0,1,25,1819,5,0,3,9),(135243,2,1,26,2106,3,0,3,1),(135245,3,2,22,1123,2,0,8,11),(135251,2,1,26,2078,5,0,3,1),(135262,0,0,28,2419,5,0,0,2),(135589,0,0,22,1803,5,0,3,1),(135591,1,1,22,1332,2,1,8,2),(135654,0,4,21,1441,5,0,6,5),(135671,0,1,5,199,0,0,3,2),(135709,0,0,1,8,0,0,0,1),(135976,2,0,8,287,0,0,5,3),(136255,1,1,31,2790,4,0,0,0),(136298,0,0,1,90,0,0,0,0),(136935,13,3,28,2045,2,0,4,16),(137781,2,0,7,544,1,0,1,1),(138634,0,0,2,19,0,0,2,0),(138686,0,0,2,13,0,0,2,0),(139561,0,0,11,553,1,0,5,3),(139564,6,1,25,845,0,0,19,4),(140935,0,0,24,1401,3,0,10,2),(141016,0,0,8,448,0,0,4,0),(141189,2,0,6,441,0,0,2,1),(143584,1,1,31,2558,5,0,3,2),(144289,0,0,3,184,0,0,1,0),(144363,0,3,25,2002,4,0,3,0),(144510,0,1,27,1335,1,0,14,4),(144514,0,1,31,2790,0,0,0,0),(144579,1,0,32,2697,7,0,0,10),(144698,7,2,19,1290,0,0,5,8),(153012,1,0,12,911,1,0,2,0),(153068,0,0,3,230,1,0,1,0),(154172,0,0,4,150,0,0,2,2),(154335,3,2,31,2607,5,0,1,12),(154336,1,2,29,2466,4,0,1,5),(154432,0,2,23,1900,7,0,2,2),(154433,1,1,16,226,0,0,15,1),(154766,2,1,20,1022,0,0,9,11),(156959,1,0,15,1172,2,0,2,0),(157053,3,0,24,1225,1,0,11,13),(159287,0,0,6,113,0,0,5,1),(159627,3,6,30,2258,4,0,4,11),(159635,0,0,2,98,1,0,1,0),(159637,2,5,30,1704,3,0,12,12),(159638,2,2,18,926,4,1,8,5),(159677,0,1,9,316,0,0,5,4),(159689,5,1,21,1790,3,0,0,8),(159713,3,3,26,1608,0,0,9,9),(159715,0,0,14,1058,5,0,2,3),(159737,0,1,7,470,1,0,2,0),(159741,1,0,17,439,0,0,15,1),(159974,0,0,3,19,0,0,3,0),(159994,0,4,29,2601,5,0,0,1),(160025,3,0,32,2452,4,0,4,4),(160029,1,2,24,1972,3,0,0,5),(160032,1,0,23,1819,5,0,3,1),(160034,4,4,29,1900,3,0,5,15),(160036,15,6,32,2722,3,0,1,15),(160054,1,3,28,1808,7,0,8,7),(160081,0,0,5,435,1,0,1,0),(160096,2,2,20,962,2,0,8,10),(160103,0,0,11,362,2,0,8,2),(160118,0,0,14,545,1,0,8,5),(160156,7,4,27,1621,0,0,6,18),(160158,3,1,30,2212,8,0,5,5),(160166,0,0,5,218,0,0,3,0),(160300,0,0,1,22,0,0,0,1),(160312,0,2,14,1231,2,0,0,3),(160313,0,3,18,1363,1,0,3,2),(160314,3,5,31,2332,2,0,5,8),(160323,2,1,27,2363,6,0,0,1),(160422,0,2,19,1502,2,0,1,5),(160424,6,4,32,2517,3,0,5,8),(160457,0,0,16,1190,3,1,3,2),(160488,1,0,17,1447,1,0,2,1),(160495,0,0,17,1294,4,0,2,2),(160522,7,1,27,2148,1,0,3,4),(160579,0,0,2,6,0,0,2,0),(160587,6,4,26,1100,1,0,15,11),(160652,0,1,4,231,0,0,1,3),(160671,2,2,32,2452,7,0,2,19),(160672,3,1,28,1444,2,1,14,10),(160682,0,2,18,1251,0,0,5,9),(160683,3,2,30,2074,6,0,8,3),(160688,9,1,31,2655,6,0,0,12),(160698,0,0,8,216,0,0,7,0),(160732,1,1,29,2261,7,0,2,8),(160738,0,0,2,7,0,0,2,0),(160755,0,0,30,2700,2,0,0,0),(160772,0,0,20,1795,0,0,0,1),(160773,0,0,25,1763,4,0,6,9),(160781,0,0,12,538,0,0,7,3),(160783,5,6,27,1753,3,0,8,9),(160845,2,2,19,1498,0,0,1,6),(160846,3,4,21,1502,0,0,3,11),(160847,5,0,30,1732,4,0,12,12),(160892,3,1,25,2130,3,0,0,2),(160893,0,0,2,135,0,0,1,0),(160895,3,2,24,787,2,0,17,6),(160897,1,2,24,687,1,0,19,5),(161345,1,1,32,2880,4,0,0,0),(161346,0,0,11,873,1,0,2,0),(161349,9,2,31,2305,3,0,6,8),(161350,0,1,23,2070,1,0,0,0),(161377,1,0,13,786,5,0,4,5),(161384,0,0,2,19,0,0,2,0),(161386,0,0,1,8,0,0,1,0),(161388,0,0,3,34,0,0,3,0),(161396,0,0,1,15,0,0,1,0),(161402,7,0,26,1543,1,0,6,18),(161449,0,0,10,900,0,0,0,0),(161453,0,0,8,558,1,0,2,0),(161456,0,2,24,747,0,0,16,8),(161459,4,1,26,2228,2,0,0,8),(161463,2,2,21,1262,0,0,7,12),(161464,18,2,32,2273,3,0,6,16),(161537,0,0,6,135,0,0,5,1),(161548,0,4,21,1640,3,0,4,3),(161549,0,0,13,890,3,0,4,0),(161550,0,0,12,405,0,0,8,2),(161558,0,0,27,1333,7,0,14,4),(161559,0,0,8,128,0,0,8,0),(161985,0,0,12,654,0,0,5,3),(161990,5,3,22,1495,1,0,6,7),(161996,2,0,9,423,0,0,4,4),(162014,0,0,6,342,0,0,2,1),(162019,2,1,27,2301,4,2,1,0),(162020,1,0,21,1415,0,0,5,11),(162021,1,2,22,1016,2,0,10,12),(162023,0,0,9,245,2,0,7,2),(162047,0,0,1,1,0,0,1,0),(162118,0,0,16,904,2,0,5,8),(162156,0,1,6,276,0,1,3,1),(162532,2,0,16,1395,3,0,0,1),(163201,0,0,3,270,0,0,0,0),(163251,0,0,1,2,0,0,1,0),(163747,1,0,2,107,0,0,1,1),(163789,0,0,3,111,1,0,2,1),(163811,1,0,3,72,0,1,2,0),(166103,0,0,9,552,2,0,2,4),(166468,1,0,15,1350,3,0,0,0),(166789,3,0,14,655,1,0,8,1),(171568,0,0,2,86,0,0,1,1),(172388,0,0,6,143,0,0,5,1),(172390,0,0,1,16,0,0,1,0),(172462,0,0,3,58,0,0,2,1),(172469,0,0,3,24,0,0,3,0),(172658,0,0,2,36,0,0,2,0),(175380,0,0,5,322,1,0,0,5),(175441,0,0,2,31,0,0,2,0),(175528,2,0,10,466,0,0,6,4),(175534,0,0,5,441,0,0,0,1),(175545,0,0,2,97,0,0,1,1),(175596,2,0,12,295,0,0,9,3),(175656,0,0,9,662,0,0,1,5),(175680,0,0,8,486,1,0,2,6),(175685,0,0,6,540,1,0,0,0),(176689,0,0,16,1228,2,0,2,3),(179147,0,0,7,67,1,0,7,0),(179148,0,0,5,60,0,0,5,0),(179279,0,0,8,686,0,0,1,0),(179281,1,0,8,587,0,0,2,1),(179282,0,0,4,360,0,0,0,0),(179296,0,0,6,375,2,0,2,0),(179298,0,0,1,5,0,0,1,0),(179348,0,0,12,954,5,0,2,1),(179384,2,1,25,1803,1,1,3,8),(179415,0,0,2,162,1,0,1,0),(179421,1,0,7,254,0,1,5,1),(180000,0,0,22,1069,5,0,13,2),(180005,3,0,8,561,1,0,1,5),(180025,2,2,20,1090,5,0,10,4),(180034,0,0,7,451,0,0,2,2),(180035,1,0,7,501,0,0,1,2),(180046,1,1,16,676,1,0,7,7),(180050,0,0,5,44,0,0,5,0),(180060,5,3,8,681,1,0,0,4),(180063,1,1,8,481,0,0,2,5),(180064,0,0,19,1426,6,0,3,4),(180093,0,0,4,271,1,0,1,0),(180097,0,0,4,57,0,0,4,0),(180108,1,1,17,1322,1,0,1,4),(180123,0,0,2,42,0,0,2,0),(180157,0,0,11,756,1,0,3,1),(180197,0,0,1,12,0,0,1,0),(180200,1,1,6,90,0,0,6,0),(180206,0,0,2,16,0,0,2,0),(180207,0,0,3,166,0,0,1,1),(180209,0,0,11,606,2,0,4,2),(180210,0,0,7,65,0,0,7,0),(180212,1,2,7,441,0,0,2,3),(180424,0,0,6,422,1,0,2,0),(180764,0,0,2,114,0,0,0,1),(180848,0,0,4,18,0,0,4,0),(180889,0,0,3,136,0,0,2,1),(181972,0,0,1,4,0,0,1,0),(184255,0,0,1,2,0,0,1,0),(184283,0,0,1,2,0,0,1,0);
/*!40000 ALTER TABLE `general_data` ENABLE KEYS */;
UNLOCK TABLES;

--
-- Table structure for table `goalkeeper_data`
--

DROP TABLE IF EXISTS `goalkeeper_data`;
/*!40101 SET @saved_cs_client     = @@character_set_client */;
/*!50503 SET character_set_client = utf8mb4 */;
CREATE TABLE `goalkeeper_data` (
  `playerId` int NOT NULL,
  `cleanSheet` int DEFAULT NULL,
  `goalsConceded` int DEFAULT NULL,
  `saves` int DEFAULT NULL,
  `penaltySave` int DEFAULT NULL,
  `punches` int DEFAULT NULL,
  `totalHighClaim` int DEFAULT NULL,
  `totalKeeperSweeper` int DEFAULT NULL,
  `keeperThrows` int DEFAULT NULL,
  `goalKicks` int DEFAULT NULL,
  PRIMARY KEY (`playerId`),
  CONSTRAINT `goalkeeper_data_ibfk_1` FOREIGN KEY (`playerId`) REFERENCES `players_info` (`playerId`)
) ENGINE=InnoDB DEFAULT CHARSET=utf8mb4 COLLATE=utf8mb4_0900_ai_ci;
/*!40101 SET character_set_client = @saved_cs_client */;

--
-- Dumping data for table `goalkeeper_data`
--

LOCK TABLES `goalkeeper_data` WRITE;
/*!40000 ALTER TABLE `goalkeeper_data` DISABLE KEYS */;
INSERT INTO `goalkeeper_data` VALUES (4029,3,40,0,0,0,0,0,0,0),(4600,0,6,0,0,0,0,0,0,0),(5745,3,13,0,0,0,0,0,0,0),(5990,9,13,0,0,0,0,0,0,0),(6009,3,18,0,0,0,0,0,0,0),(6011,10,31,81,0,8,6,3,132,220),(6013,0,3,0,0,0,0,0,0,0),(6280,4,43,0,0,0,0,0,0,0),(6363,4,35,0,0,0,0,0,0,0),(6447,7,55,0,0,0,0,0,0,0),(6505,3,24,0,0,0,0,0,0,0),(6566,2,33,0,0,0,0,0,0,0),(6577,1,20,0,0,0,0,0,0,0),(6623,5,26,0,0,0,0,0,0,0),(6723,6,24,0,0,0,0,0,0,0),(6773,2,12,0,0,0,0,0,0,0),(7018,5,28,0,0,0,0,0,0,0),(7431,1,8,0,0,0,0,0,0,0),(7748,6,28,0,0,0,0,0,0,0),(10045,1,21,0,0,0,0,0,0,0),(10046,3,42,0,0,0,0,0,0,0),(10048,0,2,0,0,0,0,0,0,0),(10050,3,34,0,0,0,0,0,0,0),(10059,4,34,0,0,0,0,0,0,0),(10205,4,36,0,0,0,0,0,0,0),(10292,13,45,0,0,0,0,0,0,0),(10314,2,21,0,0,0,0,0,0,0),(11230,11,31,85,2,5,13,8,141,208),(11241,0,1,0,0,0,0,0,0,0),(11259,9,28,0,0,0,0,0,0,0),(11653,5,56,0,0,0,0,0,0,0),(12507,6,25,0,0,0,0,0,0,0),(13589,3,15,0,0,0,0,0,0,0),(13742,7,40,0,0,0,0,0,0,0),(13935,9,33,0,0,0,0,0,0,0),(13981,1,9,0,0,0,0,0,0,0),(14011,6,12,0,0,0,0,0,0,0),(14109,2,22,0,0,0,0,0,0,0),(14111,1,16,0,0,0,0,0,0,0),(14131,4,46,0,0,0,0,0,0,0),(14287,1,18,0,0,0,0,0,0,0),(14288,0,6,0,0,0,0,0,0,0),(14289,0,9,0,0,0,0,0,0,0),(14290,2,49,0,0,0,0,0,0,0),(14848,0,26,0,0,0,0,0,0,0),(15123,11,32,0,0,0,0,0,0,0),(15257,8,37,0,0,0,0,0,0,0),(17894,0,11,0,0,0,0,0,0,0),(18566,0,4,0,0,0,0,0,0,0),(18721,2,28,0,0,0,0,0,0,0),(18843,13,45,0,0,0,0,0,0,0),(18957,1,12,0,0,0,0,0,0,0),(19041,5,34,0,0,0,0,0,0,0),(19205,4,26,0,0,0,0,0,0,0),(19415,3,19,0,0,0,0,0,0,0),(19444,2,6,0,0,0,0,0,0,0),(19506,3,7,0,0,0,0,0,0,0),(19511,7,19,0,0,0,0,0,0,0),(19592,5,20,0,0,0,0,0,0,0),(19595,6,22,0,0,0,0,0,0,0),(19619,2,22,0,0,0,0,0,0,0),(19620,2,24,0,0,0,0,0,0,0),(19695,4,20,0,0,0,0,0,0,0),(20023,0,8,0,0,0,0,0,0,0),(20234,4,36,0,0,0,0,0,0,0),(20239,4,28,0,0,0,0,0,0,0),(20255,1,28,0,0,0,0,0,0,0),(20262,6,44,0,0,0,0,0,0,0),(20341,6,38,0,0,0,0,0,0,0),(20752,9,26,0,0,0,0,0,0,0),(21222,0,8,16,0,2,0,1,7,39),(21247,5,16,0,0,0,0,0,0,0),(21858,0,14,0,0,0,0,0,0,0),(22162,0,11,0,0,0,0,0,0,0),(22919,6,31,0,0,0,0,0,0,0),(23153,0,5,0,0,0,0,0,0,0),(23389,5,40,0,0,0,0,0,0,0),(23462,8,29,0,0,0,0,0,0,0),(23607,10,26,0,0,0,0,0,0,0),(25178,3,18,61,1,8,8,0,74,104),(26145,9,25,0,0,0,0,0,0,0),(26151,2,28,0,0,0,0,0,0,0),(30517,6,53,0,0,0,0,0,0,0),(30533,11,25,0,0,0,0,0,0,0),(30549,4,22,0,0,0,0,0,0,0),(30554,0,2,0,0,0,0,0,0,0),(30557,1,17,0,0,0,0,0,0,0),(30562,6,19,0,0,0,0,0,0,0),(30598,3,8,0,0,0,0,0,0,0),(30667,6,30,0,0,0,0,0,0,0),(30669,2,24,0,0,0,0,0,0,0),(30925,10,25,0,0,0,0,0,0,0),(30926,8,26,0,0,0,0,0,0,0),(30959,0,1,0,0,0,0,0,0,0),(30960,2,25,0,0,0,0,0,0,0),(30984,13,45,98,1,7,42,17,145,250),(30985,1,4,0,0,0,0,0,0,0),(31013,1,5,0,0,0,0,0,0,0),(31015,8,21,0,0,0,0,0,0,0),(31037,0,6,7,1,2,0,1,11,14),(31068,4,13,0,0,0,0,0,0,0),(31074,4,14,0,0,0,0,0,0,0),(31289,1,18,0,0,0,0,0,0,0),(31291,2,15,0,0,0,0,0,0,0),(31712,5,29,0,0,0,0,0,0,0),(31757,7,27,0,0,0,0,0,0,0),(31993,11,34,0,0,0,0,0,0,0),(32012,0,2,0,0,0,0,0,0,0),(32098,1,5,0,0,0,0,0,0,0),(32103,2,19,0,0,0,0,0,0,0),(32114,1,11,0,0,0,0,0,0,0),(32140,0,13,0,0,0,0,0,0,0),(32165,0,6,5,0,0,0,0,4,11),(32203,3,5,0,0,0,0,0,0,0),(32539,1,7,8,0,2,1,0,17,28),(33468,2,18,0,0,0,0,0,0,0),(33511,1,12,0,0,0,0,0,0,0),(34626,5,11,0,0,0,0,0,0,0),(34877,3,14,0,0,0,0,0,0,0),(34883,3,26,0,0,0,0,0,0,0),(35017,8,30,0,0,0,0,0,0,0),(35018,4,12,0,0,0,0,0,0,0),(35149,2,18,0,0,0,0,0,0,0),(35777,0,6,0,0,0,0,0,0,0),(35800,9,28,0,0,0,0,0,0,0),(35862,3,28,0,0,0,0,0,0,0),(41062,4,36,0,0,0,0,0,0,0),(41538,11,8,0,0,0,0,0,0,0),(41632,0,4,0,0,0,0,0,0,0),(42220,9,22,0,0,0,0,0,0,0),(42655,0,20,0,0,0,0,0,0,0),(42727,1,12,0,0,0,0,0,0,0),(42970,13,34,0,0,0,0,0,0,0),(42971,0,10,0,0,0,0,0,0,0),(43047,0,11,0,0,0,0,0,0,0),(43049,2,5,0,0,0,0,0,0,0),(43062,1,0,0,0,0,0,0,0,0),(43133,2,20,0,0,0,0,0,0,0),(43135,1,28,0,0,0,0,0,0,0),(43231,2,19,0,0,0,0,0,0,0),(43997,0,10,0,0,0,0,0,0,0),(44017,1,14,0,0,0,0,0,0,0),(44026,2,21,0,0,0,0,0,0,0),(44029,12,26,58,0,8,11,16,146,112),(44030,6,23,0,0,0,0,0,0,0),(44032,1,18,0,0,0,0,0,0,0),(44033,0,14,0,0,0,0,0,0,0),(44159,9,28,0,0,0,0,0,0,0),(46085,8,47,81,0,10,20,8,156,223),(46676,7,44,102,0,7,17,7,219,221),(46933,0,10,0,0,0,0,0,0,0),(46991,3,21,0,0,0,0,0,0,0),(47001,10,32,0,0,0,0,0,0,0),(47172,3,40,0,0,0,0,0,0,0),(47176,0,7,9,0,1,1,2,13,22),(47184,10,19,0,0,0,0,0,0,0),(47195,3,31,0,0,0,0,0,0,0),(48182,2,26,0,0,0,0,0,0,0),(48228,4,32,0,0,0,0,0,0,0),(48260,6,33,0,0,0,0,0,0,0),(48542,0,20,0,0,0,0,0,0,0),(48549,9,16,0,0,0,0,0,0,0),(49704,7,29,0,0,0,0,0,0,0),(49709,10,41,0,0,0,0,0,0,0),(49710,0,2,0,0,0,0,0,0,0),(50015,8,24,0,0,0,0,0,0,0),(50016,1,11,0,0,0,0,0,0,0),(50119,1,27,0,0,0,0,0,0,0),(50135,9,24,0,0,0,0,0,0,0),(50136,5,13,0,0,0,0,0,0,0),(50336,0,8,0,0,0,0,0,0,0),(50563,0,0,0,0,0,0,0,0,0),(51275,7,14,0,0,0,0,0,0,0),(51329,7,8,0,0,0,0,0,0,0),(51340,2,41,0,0,0,0,0,0,0),(51513,5,4,0,0,0,0,0,0,0),(51519,3,23,0,0,0,0,0,0,0),(51690,1,25,0,0,0,0,0,0,0),(51699,0,25,0,0,0,0,0,0,0),(51703,5,39,0,0,0,0,0,0,0),(51790,0,17,0,0,0,0,0,0,0),(52087,2,14,0,0,0,0,0,0,0),(52102,1,12,0,0,0,0,0,0,0),(52220,1,6,0,0,0,0,0,0,0),(52229,7,29,0,0,0,0,0,0,0),(52240,4,38,0,0,0,0,0,0,0),(52266,3,35,0,0,0,0,0,0,0),(52277,6,28,0,0,0,0,0,0,0),(52304,2,26,59,1,3,7,9,63,142),(52974,1,33,0,0,0,0,0,0,0),(53032,0,3,0,0,0,0,0,0,0),(53036,4,29,0,0,0,0,0,0,0),(53174,11,32,0,0,0,0,0,0,0),(53178,9,25,0,0,0,0,0,0,0),(53183,0,6,0,0,0,0,0,0,0),(53278,0,12,0,0,0,0,0,0,0),(55835,2,47,0,0,0,0,0,0,0),(56726,2,25,0,0,0,0,0,0,0),(58929,0,14,0,0,0,0,0,0,0),(64876,0,6,0,0,0,0,0,0,0),(90117,0,2,0,0,0,0,0,0,0),(90688,0,7,0,0,0,0,0,0,0),(90844,5,30,62,1,8,21,4,55,135),(90847,0,20,0,0,0,0,0,0,0),(90860,7,50,0,0,0,0,0,0,0),(90987,2,27,0,0,0,0,0,0,0),(91041,6,56,0,0,0,0,0,0,0),(91050,1,25,0,0,0,0,0,0,0),(91606,0,8,0,0,0,0,0,0,0),(92622,14,25,0,0,0,0,0,0,2),(93725,0,14,0,0,0,0,0,0,0),(93814,0,11,0,0,0,0,0,0,0),(93882,2,10,0,0,0,0,0,0,0),(93899,0,15,0,0,0,0,0,0,0),(93957,0,3,0,0,0,0,0,0,0),(93960,1,19,0,0,0,0,0,0,0),(93962,0,2,0,0,0,0,0,0,0),(94007,5,20,0,0,0,0,0,0,0),(94133,1,4,0,0,0,0,0,0,0),(94140,1,21,0,0,0,0,0,0,0),(94217,7,38,0,0,0,0,0,0,0),(94221,0,10,0,0,0,0,0,0,0),(94228,1,26,0,0,0,0,0,0,0),(94350,0,5,0,0,0,0,0,0,0),(94486,0,3,0,0,0,0,0,0,0),(95187,4,30,0,0,0,0,0,0,0),(96594,1,9,0,0,0,0,0,0,0),(106028,5,46,0,0,0,0,0,0,0),(114653,2,29,0,0,0,0,0,0,0),(115748,1,16,0,0,0,0,0,0,0),(128164,7,23,0,0,0,0,0,0,0),(128282,5,13,0,0,0,0,0,0,0),(128570,1,46,0,0,0,0,0,0,0),(128766,9,43,0,0,0,0,0,0,0),(129737,10,43,119,0,17,16,8,94,304),(129749,10,27,0,0,0,0,0,0,0),(129750,9,31,0,0,0,0,0,0,0),(129751,0,1,0,0,0,0,0,0,0),(129752,5,34,0,0,0,0,0,0,0),(129756,10,29,92,0,21,18,9,135,234),(129759,5,20,0,0,0,0,0,0,0),(129760,1,3,0,0,0,0,0,0,0),(129761,5,35,0,0,0,0,0,0,0),(129762,10,9,0,0,0,0,0,0,0),(129845,7,39,113,1,17,17,15,185,253),(129879,3,48,0,0,0,0,0,0,0),(129917,4,28,57,1,12,9,4,72,142),(130045,8,26,0,0,0,0,0,0,0),(130050,5,25,0,0,0,0,0,0,0),(130310,2,21,0,0,0,0,0,0,0),(130400,0,3,0,0,0,0,0,0,0),(130553,0,6,0,0,0,0,0,0,0),(130554,1,6,0,0,0,0,0,0,0),(130623,0,16,0,0,0,0,0,0,0),(130624,2,46,0,0,0,0,0,0,0),(130627,2,52,0,0,0,0,0,0,0),(130671,4,25,0,0,0,0,0,0,0),(130672,4,22,0,0,0,0,0,0,0),(130759,9,49,97,0,9,23,18,97,256),(131690,0,5,0,0,0,0,0,0,0),(131743,0,24,0,0,0,0,0,0,0),(131750,11,34,81,2,5,16,2,111,245),(131752,2,20,0,0,0,0,0,0,0),(131779,6,13,0,0,0,0,0,0,0),(131780,3,31,0,0,0,0,0,0,0),(131781,0,15,0,0,0,0,0,0,0),(132044,3,24,0,0,0,0,0,0,0),(132466,0,5,6,0,0,0,1,4,14),(132770,0,2,0,0,0,0,0,0,0),(132771,3,32,0,0,0,0,0,0,0),(132927,0,27,0,0,0,0,0,0,0),(133131,12,15,50,0,3,7,12,108,137),(133133,10,23,0,0,0,0,0,0,0),(133548,0,17,0,0,0,0,0,0,0),(133641,9,32,0,0,0,0,0,0,0),(133644,1,15,0,0,0,0,0,0,0),(133646,5,43,0,0,0,0,0,0,0),(133647,4,27,0,0,0,0,0,0,0),(133649,5,53,110,2,18,27,9,170,251),(133651,1,18,0,0,0,0,0,0,0),(133675,0,1,0,0,0,0,0,0,0),(133749,4,27,0,0,0,0,0,0,0),(133868,5,56,0,0,0,0,0,0,0),(134236,6,41,0,0,0,0,0,0,0),(134321,6,26,0,0,0,0,0,0,0),(134380,0,6,0,0,0,0,0,0,0),(134381,1,11,0,0,0,0,0,0,0),(134618,2,7,0,0,0,0,0,0,0),(134737,1,1,0,0,0,0,0,0,0),(135116,4,18,0,0,0,0,0,0,0),(135117,2,7,0,0,0,0,0,0,0),(135169,2,6,0,0,0,0,0,0,0),(135175,3,38,0,0,0,0,0,0,0),(135177,3,15,0,0,0,0,0,0,0),(135178,1,12,15,0,1,4,0,29,53),(135191,1,30,0,0,0,0,0,0,0),(135192,6,37,47,0,4,17,10,125,175),(135200,3,34,0,0,0,0,0,0,0),(135240,6,28,0,0,0,0,0,0,0),(135243,4,36,0,0,0,0,0,0,0),(135245,3,10,0,0,0,0,0,0,0),(135251,7,27,0,0,0,0,0,0,0),(135262,7,36,0,0,0,0,0,0,0),(135589,4,27,0,0,0,0,0,0,0),(135591,2,24,0,0,0,0,0,0,0),(135654,4,15,0,0,0,0,0,0,0),(135671,0,1,0,0,0,0,0,0,0),(135709,0,0,0,0,0,0,0,0,1),(135976,0,3,0,0,0,0,0,0,0),(136255,11,30,0,0,0,0,0,0,0),(136298,0,3,2,0,0,0,0,5,7),(136935,2,29,0,0,0,0,0,0,0),(137781,1,9,0,0,0,0,0,0,0),(139561,0,12,0,0,0,0,0,0,0),(139564,1,9,0,0,0,0,0,0,0),(140935,2,33,0,0,0,0,0,0,0),(141016,2,5,0,0,0,0,0,0,0),(141189,1,10,0,0,0,0,0,0,0),(143584,4,53,0,0,0,0,0,0,0),(144289,0,2,0,0,0,0,0,0,0),(144363,5,33,0,0,0,0,0,0,3),(144510,0,29,0,0,0,0,0,0,0),(144514,4,51,107,0,15,16,12,167,252),(144579,7,31,0,0,0,0,0,0,0),(144698,0,23,0,0,0,0,0,0,0),(153012,1,19,0,0,0,0,0,0,0),(153068,2,2,8,0,0,3,0,11,19),(154172,0,3,0,0,0,0,0,0,0),(154335,6,39,0,0,0,0,0,0,0),(154336,7,29,0,0,0,0,0,0,0),(154432,2,36,0,0,0,0,0,0,0),(154433,0,8,0,0,0,0,0,0,0),(154766,0,16,0,0,0,0,0,0,0),(156959,3,24,0,0,0,0,0,0,0),(157053,0,8,0,0,0,0,0,0,0),(159287,0,2,0,0,0,0,0,0,0),(159627,3,28,0,0,0,0,0,0,0),(159635,0,4,0,0,0,0,0,0,0),(159637,3,30,0,0,0,0,0,0,0),(159638,1,13,0,0,0,0,0,0,0),(159677,0,4,0,0,0,0,0,0,0),(159689,4,31,0,0,0,0,0,0,0),(159713,1,26,0,0,0,0,0,0,0),(159715,4,14,0,0,0,0,0,0,0),(159737,2,4,0,0,0,0,0,0,0),(159741,0,9,0,0,0,0,0,0,0),(159974,0,2,0,0,0,0,0,0,0),(159994,9,29,0,0,0,0,0,0,0),(160025,8,29,0,0,0,0,0,0,0),(160029,3,38,0,0,0,0,0,0,0),(160032,4,34,0,0,0,0,0,0,0),(160034,2,43,0,0,0,0,0,0,0),(160036,4,31,0,0,0,0,0,0,0),(160054,1,32,0,0,0,0,0,0,0),(160081,2,6,15,0,1,1,0,12,44),(160096,0,17,0,0,0,0,0,0,0),(160103,0,5,0,0,0,0,0,0,0),(160118,1,6,0,0,0,0,0,0,0),(160156,1,17,0,0,0,0,0,0,0),(160158,11,26,0,0,0,0,0,0,0),(160166,0,6,0,0,0,0,0,0,0),(160300,0,1,1,0,0,1,0,2,3),(160312,1,22,0,0,0,0,0,0,0),(160313,4,30,0,0,0,0,0,0,0),(160314,7,26,0,0,0,0,0,0,0),(160323,4,46,0,0,0,0,0,0,0),(160422,2,32,0,0,0,0,0,0,0),(160424,3,36,0,0,0,0,0,0,0),(160457,1,24,0,0,0,0,0,0,0),(160488,2,32,0,0,0,0,0,0,0),(160495,3,23,0,0,0,0,0,0,0),(160522,4,40,0,0,0,0,0,0,0),(160587,0,14,0,0,0,0,0,0,0),(160652,0,3,0,0,0,0,0,0,0),(160671,3,36,0,0,0,0,0,0,0),(160672,0,23,0,0,0,0,0,0,0),(160682,2,16,0,0,0,0,0,0,0),(160683,4,44,0,0,0,0,0,0,0),(160688,6,32,0,0,0,0,0,0,0),(160698,0,1,0,0,0,0,0,0,0),(160732,4,38,0,0,0,0,0,0,0),(160755,11,26,82,1,13,16,5,92,222),(160772,4,35,68,0,6,11,7,99,195),(160773,0,36,0,0,0,0,0,0,0),(160781,0,9,0,0,0,0,0,0,0),(160783,1,26,0,0,0,0,0,0,0),(160845,2,24,0,0,0,0,0,0,0),(160846,2,14,0,0,0,0,0,0,0),(160847,0,20,0,0,0,0,0,0,0),(160892,3,34,0,0,0,0,0,0,0),(160893,1,0,0,0,0,0,0,0,0),(160895,0,8,0,0,0,0,0,0,0),(160897,0,12,0,0,0,0,0,0,0),(161345,10,31,0,0,0,0,0,0,0),(161346,2,10,18,0,4,7,9,51,70),(161349,4,30,0,0,0,0,0,0,0),(161350,7,31,0,0,0,0,0,0,0),(161377,3,9,0,0,0,0,0,0,0),(161384,0,1,0,0,0,0,0,0,0),(161386,0,1,0,0,0,0,0,0,0),(161396,0,1,0,0,0,0,0,0,0),(161402,0,31,0,0,0,0,0,0,0),(161449,2,25,30,0,2,4,6,27,77),(161453,1,18,0,0,0,0,0,0,0),(161456,0,13,0,0,0,0,0,0,0),(161459,4,46,0,0,0,0,0,0,0),(161463,0,20,0,0,0,0,0,0,0),(161464,0,39,0,0,0,0,0,0,0),(161537,0,5,0,0,0,0,0,0,0),(161548,3,29,0,0,0,0,0,0,0),(161549,3,10,0,0,0,0,0,0,0),(161550,0,6,0,0,0,0,0,0,0),(161558,2,21,0,0,0,0,0,0,0),(161559,0,3,0,0,0,0,0,0,0),(161985,1,13,0,0,0,0,0,0,0),(161990,2,21,0,0,0,0,0,0,0),(161996,0,6,0,0,0,0,0,0,0),(162014,0,5,0,0,0,0,0,0,0),(162019,7,31,0,0,0,0,0,0,0),(162020,0,27,0,0,0,0,0,0,0),(162021,0,12,0,0,0,0,0,0,0),(162023,0,2,0,0,0,0,0,0,0),(162118,1,11,0,0,0,0,0,0,0),(162156,1,8,0,0,0,0,0,0,0),(162532,3,18,0,0,0,0,0,0,0),(163201,1,4,0,0,0,0,0,0,0),(163747,0,4,0,0,0,0,0,0,0),(166103,1,10,0,0,0,0,0,0,0),(166468,2,28,0,0,0,0,0,0,0),(166789,2,9,0,0,0,0,0,0,0),(171568,0,1,0,0,0,0,0,0,0),(172388,0,1,0,0,0,0,0,0,0),(172390,0,1,0,0,0,0,0,0,0),(172462,0,6,0,0,0,0,0,0,0),(172469,0,2,0,0,0,0,0,0,0),(175380,0,11,0,0,0,0,0,0,0),(175441,0,1,0,0,0,0,0,0,0),(175528,0,6,0,0,0,0,0,0,0),(175534,0,8,0,0,0,0,0,0,0),(175596,0,6,0,0,0,0,0,0,0),(175656,1,8,0,0,0,0,0,0,0),(175680,0,10,0,0,0,0,0,0,0),(175685,0,13,23,1,2,3,5,33,41),(176689,3,20,0,0,0,0,0,0,0),(179147,0,3,0,0,0,0,0,0,0),(179148,0,1,0,0,0,0,0,0,0),(179279,0,17,36,0,8,0,2,26,41),(179281,0,14,0,0,0,0,0,0,0),(179282,1,7,0,0,0,0,0,0,0),(179296,1,6,0,0,0,0,0,0,0),(179348,2,10,0,0,0,0,0,0,0),(179384,2,24,0,0,0,0,0,0,0),(179415,0,6,0,0,0,0,0,0,0),(179421,0,4,0,0,0,0,0,0,0),(180000,2,15,0,0,0,0,0,0,0),(180005,0,9,0,0,0,0,0,0,0),(180025,1,18,0,0,0,0,0,0,0),(180034,0,8,0,0,0,0,0,0,0),(180035,0,12,0,0,0,0,0,0,0),(180046,0,6,0,0,0,0,0,0,0),(180060,2,2,0,0,0,0,0,0,0),(180063,0,5,0,0,0,0,0,0,0),(180064,3,20,0,0,0,0,0,0,0),(180093,2,5,0,0,0,0,0,0,0),(180097,0,3,0,0,0,0,0,0,0),(180108,3,18,0,0,0,0,0,0,0),(180123,0,2,0,0,0,0,0,0,0),(180157,1,20,0,0,0,0,0,0,0),(180200,0,2,0,0,0,0,0,0,0),(180206,0,2,0,0,0,0,0,0,0),(180207,1,2,0,0,0,0,0,0,0),(180209,1,9,0,0,0,0,0,0,0),(180210,0,0,0,0,0,0,0,0,0),(180212,0,8,0,0,0,0,0,0,0),(180424,0,7,0,0,0,0,0,0,0),(180764,1,0,0,0,0,0,0,0,0),(180848,0,2,0,0,0,0,0,0,0),(180889,0,6,0,0,0,0,0,0,0);
/*!40000 ALTER TABLE `goalkeeper_data` ENABLE KEYS */;
UNLOCK TABLES;

--
-- Table structure for table `players_info`
--

DROP TABLE IF EXISTS `players_info`;
/*!40101 SET @saved_cs_client     = @@character_set_client */;
/*!50503 SET character_set_client = utf8mb4 */;
CREATE TABLE `players_info` (
  `playerId` int NOT NULL,
  `shirtNum` int DEFAULT NULL,
  `positionInfo` varchar(255) DEFAULT NULL,
  `loan` varchar(255) DEFAULT NULL,
  `nationalTeamId` varchar(255) DEFAULT NULL,
  `currentTeamId` int DEFAULT NULL,
  `birth` varchar(255) DEFAULT NULL,
  `birthCountryId` varchar(255) DEFAULT NULL,
  `playerName` varchar(255) DEFAULT NULL,
  PRIMARY KEY (`playerId`),
  KEY `positionInfo` (`positionInfo`),
  KEY `nationalTeamId` (`nationalTeamId`),
  KEY `birthCountryId` (`birthCountryId`),
  KEY `currentTeamId` (`currentTeamId`),
  CONSTRAINT `players_info_ibfk_1` FOREIGN KEY (`positionInfo`) REFERENCES `position` (`position`),
  CONSTRAINT `players_info_ibfk_2` FOREIGN KEY (`nationalTeamId`) REFERENCES `country` (`countryId`),
  CONSTRAINT `players_info_ibfk_3` FOREIGN KEY (`birthCountryId`) REFERENCES `country` (`countryId`),
  CONSTRAINT `players_info_ibfk_4` FOREIGN KEY (`currentTeamId`) REFERENCES `club_info` (`clubId`)
) ENGINE=InnoDB DEFAULT CHARSET=utf8mb4 COLLATE=utf8mb4_0900_ai_ci;
/*!40101 SET character_set_client = @saved_cs_client */;

--
-- Dumping data for table `players_info`
--

LOCK TABLES `players_info` WRITE;
/*!40000 ALTER TABLE `players_info` DISABLE KEYS */;
INSERT INTO `players_info` VALUES (4029,16,'Centre Central Midfielder','False','GB-ENG',25,'5/8/1987','GB-ENG','Mark Noble'),(4600,3,'Left Full Back','False','GB-ENG',7,'12/11/1984','GB-ENG','Leighton Baines'),(5745,21,'Left/Centre/Right Attacking Midfielder','False','ES',11,'1/8/1986','ES','David Silva'),(5990,14,'Centre Central Midfielder','False','GB-ENG',10,'6/17/1990','GB-ENG','Jordan Henderson'),(6009,10,'Centre Striker','False','AR',11,'6/2/1988','AR','Sergio Agero'),(6011,1,'Goalkeeper','False','ES',12,'11/7/1990','ES','David de Gea'),(6013,4,'Centre Central Defender','False','GB-ENG',12,'2/21/1992','GB-ENG','Phil Jones'),(6280,28,'Left/Right Full Back','False','ES',4,'8/28/1989','ES','Csar Azpilicueta'),(6363,27,'Centre Defensive Midfielder','False','NO',14,'4/4/1986','NO','Alexander Tettey'),(6447,16,'Centre Central Midfielder','False','GB-ENG',20,'11/1/1994','GB-ENG','James Ward-Prowse'),(6505,5,'Centre Central Defender','False','BE',21,'4/24/1987','BE','Jan Vertonghen'),(6566,32,'Centre Striker','True','GB-ENG',21,'7/28/1993','GB-ENG','Harry Kane'),(6577,10,'Centre/Right Attacking Midfielder','False','DE',1,'10/15/1988','DE','Mesut zil'),(6623,10,'Left/Centre/Right Winger','False','BR',4,'8/9/1988','BR','Willian'),(6723,25,'Centre Defensive Midfielder','False','BR',11,'5/4/1985','BR','Fernandinho'),(6773,11,'Centre/Right Attacking Midfielder','False','AR',21,'3/4/1992','AR','Erik Lamela'),(7018,8,'Centre Central Midfielder','False','DE',11,'10/24/1990','DE','Ilkay Gndogan'),(7431,8,'Left/Centre/Right Attacking Midfielder','False','ES',12,'4/28/1988','ES','Juan Mata'),(7748,4,'Centre Central Midfielder','False','RS',6,'4/7/1991','YU','Luka Milivojevic'),(10045,2,'Centre/Right Central Defender','False','GB-ENG',127,'2/16/1985','GB-ENG','Simon Francis'),(10046,3,'Left/Centre/Right Central Defender','False','GB-ENG',127,'4/19/1991','GB-ENG','Steve Cook'),(10048,11,'Left Full Back','False','GB-ENG',127,'9/7/1986','GB-ENG','Charlie Daniels'),(10050,15,'Right Full Back','False','GB-ENG',127,'4/29/1991','GB-ENG','Adam Smith'),(10059,20,'Left/Right Winger','False','GB-SCT',127,'2/24/1994','GB-SCT','Ryan Fraser'),(10205,6,'Centre Central Midfielder','False','GB-ENG',131,'6/12/1989','GB-ENG','Dale Stephens'),(10292,6,'Left/Centre Central Defender','False','GB-ENG',43,'9/21/1989','GB-ENG','Ben Mee'),(10314,10,'Centre Striker','False','GB-ENG',43,'10/30/1989','GB-ENG','Ashley Barnes'),(11230,1,'Goalkeeper','False','DK',26,'11/5/1986','DK','Kasper Schmeichel'),(11241,5,'Centre Central Defender','False','JM',26,'1/21/1984','GB-ENG','Wes Morgan'),(11259,9,'Centre Striker','False','GB-ENG',26,'1/11/1987','GB-ENG','Jamie Vardy'),(11653,7,'Winger','True','GB-ENG',2,'9/10/1995','GB-ENG','Jack Grealish'),(12507,9,'Centre Striker','False','GB-ENG',33,'6/29/1988','GB-ENG','Troy Deeney'),(13589,3,'Defender','True','ES',1,'3/19/1995','ES','Hctor Bellern'),(13742,30,'Defender','True','GB-ENG',131,'11/21/1991','GB-ENG','Lewis Dunk'),(13935,11,'Left/Centre/Right Winger','False','CI',6,'11/10/1992','CI','Wilfried Zaha'),(13981,11,'Left/Right Winger','False','GB-ENG',26,'11/18/1989','GB-ENG','Marc Albrighton'),(14011,23,'Left Full Back','False','GB-ENG',12,'7/12/1995','GB-ENG','Luke Shaw'),(14109,15,'Centre Defensive Midfielder','False','GB-ENG',21,'1/15/1994','GB-ENG','Eric Dier'),(14111,33,'Left Full Back','False','GB-WLS',21,'4/24/1993','GB-WLS','Ben Davies'),(14131,3,'Left Full Back','False','GB-ENG',25,'12/15/1989','GB-ENG','Aaron Cresswell'),(14287,4,'Centre/Right Central Midfielder','False','GB-ENG',127,'2/1/1990','GB-ENG','Dan Gosling'),(14288,6,'Centre Central Midfielder','False','GB-ENG',127,'8/20/1986','ZA','Andrew Surman'),(14289,19,'Left/Right Winger','False','GB-ENG',127,'11/26/1989','GB-ENG','Junior Stanislas'),(14290,13,'Centre Striker','False','GB-ENG',127,'2/27/1992','GB-ENG','Callum Wilson'),(14848,14,'Central Midfielder','True','GB-ENG',21,'4/11/1996','GB-ENG','Dele Alli'),(15123,6,'Centre Central Defender','False','GB-ENG',18,'7/20/1988','GB-ENG','Chris Basham'),(15257,15,'Centre Central Defender','False','GB-NIR',33,'2/6/1989','GB-NIR','Craig Cathcart'),(15279,28,'Centre Striker','True','GB-ENG',18,'2/10/1985','GB-ENG','Leon Clarke'),(17894,27,'Centre Striker','True','BE',10,'4/18/1995','BE','Divock Origi'),(18566,39,'Centre Striker','False','GB-ENG',2,'2/13/1998','GB-ENG','Keinan Davis'),(18721,7,'Centre/Right Second Striker','False','NO',127,'1/15/1992','NO','Joshua King'),(18843,5,'Centre Central Defender','False','GB-ENG',43,'11/19/1992','GB-ENG','James Tarkowski'),(18957,11,'Left/Right Winger','False','ES',4,'7/28/1987','ES','Pedro'),(19041,15,'Centre Central Defender','True','GB-ENG',20,'1/27/1994','GB-ENG','Jack Stephens'),(19205,41,'Centre Central Midfielder','False','GB-ENG',7,'6/30/1998','GB-ENG','Tom Davies'),(19415,7,'Right Winger','True','GB-ENG',1,'8/29/1997','GB-ENG','Ainsley Maitland-Niles'),(19444,28,'Left Full Back','False','AT',26,'4/7/1986','AT','Christian Fuchs'),(19506,7,'Left/Centre/Right Central Midfielder','False','GB-ENG',10,'1/4/1986','GB-ENG','James Milner'),(19511,9,'Left/Centre/Right Striker','False','BR',10,'10/2/1991','BR','Roberto Firmino'),(19592,30,'Centre Central Defender','False','AR',11,'2/12/1988','AR','Nicols Otamendi'),(19595,17,'Left/Centre/Right Attacking Midfielder','False','BE',11,'6/28/1991','BE','Kevin De Bruyne'),(19619,9,'Left/Centre Second Striker','False','FR',12,'12/5/1995','FR','Anthony Martial'),(19620,10,'Left/Centre Second Striker','False','GB-ENG',12,'10/31/1997','GB-ENG','Marcus Rashford'),(19667,40,'Centre/Right Full Back','True','IE',43,'8/18/1990','IE','Kevin Long'),(19695,8,'Centre Central Midfielder','False','GB-ENG',23,'2/27/1992','GB-ENG','Jonjo Shelvey'),(19884,17,'Left/Right Full Back','True','GB-WLS',18,'3/21/1992','GB-ENG','Kieron Freeman'),(20023,10,'Centre Striker','False','GB-ENG',18,'2/5/1986','GB-ENG','Billy Sharp'),(20234,4,'Centre/Right Central Defender','False','BE',21,'3/2/1989','BE','Toby Alderweireld'),(20239,7,'Left/Centre/Right Winger','False','KR',21,'7/8/1992','KR','Son Heung-Min'),(20253,5,'Centre Central Defender','False','AT',33,'6/21/1987','AT','Sebastian Prdl'),(20255,25,'Left Full Back','False','GR',33,'6/27/1984','DE','Jos Holebas'),(20262,29,'Centre Defensive Midfielder','False','FR',33,'7/11/1988','FR','Etienne Capoue'),(20341,21,'Left/Centre Central Defender','False','IT',25,'5/23/1988','IT','Angelo Ogbonna'),(20752,25,'Full Back','True','GB-ENG',26,'12/21/1996','GB-ENG','Ben Chilwell'),(21222,13,'Goalkeeper','False','GB-WLS',6,'1/24/1987','GB-WLS','Wayne Hennessey'),(21247,0,'Right Full Back','False','GB-ENG',6,'4/27/1990','GB-ENG','Martin Kelly'),(21858,69,'Centre Central Midfielder','False','GB-ENG',1,'8/20/1999','GB-ENG','Joseph Willock'),(22162,38,'Centre Central Midfielder','False','GB-ENG',26,'10/1/1997','GB-ENG','Hamza Choudhury'),(22919,2,'Right Full Back','False','GB-ENG',43,'6/9/1989','GB-ENG','Matthew Lowton'),(23153,7,'Left/Right Winger','False','GB-ENG',26,'6/28/1996','GB-ENG','Demarai Gray'),(23389,21,'Left Full Back','False','GB-ENG',20,'8/5/1989','GB-ENG','Ryan Bertrand'),(23462,3,'Left Full Back','False','NL',6,'8/29/1990','NL','Patrick van Aanholt'),(23607,2,'Left/Right Full Back','False','IE',38,'1/16/1992','IE','Matt Doherty'),(25178,1,'Goalkeeper','False','FR',21,'12/26/1986','FR','Hugo Lloris'),(26145,34,'Centre Central Midfielder','False','CH',1,'9/27/1992','CH','Granit Xhaka'),(26151,28,'Left/Centre/Right Attacking Midfielder','False','AR',25,'2/15/1993','AR','Manuel Lanzini'),(30517,35,'Centre Central Defender','False','PL',20,'4/12/1996','PL','Jan Bednarek'),(30533,0,'Right Full Back','False','GB-ENG',10,'10/7/1998','GB-ENG','Trent Alexander-Arnold'),(30549,10,'Left/Right Winger','False','SN',10,'4/10/1992','SN','Sadio Man'),(30554,12,'Centre Defensive Midfielder','False','KE',21,'6/25/1991','KE','Victor Wanyama'),(30557,10,'Left/Right Winger','False','GB-ENG',6,'7/16/1991','GB-ENG','Andros Townsend'),(30562,27,'Centre Central Defender','False','BE',33,'2/24/1991','CD','Christian Kabasele'),(30598,11,'Left/Right Winger','False','GB-SCT',23,'9/10/1989','GB-ENG','Matt Ritchie'),(30667,14,'Centre Central Midfielder','False','GB-ENG',23,'3/22/1995','GB-ENG','Isaac Hayden'),(30669,16,'Centre Central Midfielder','False','GB-ENG',127,'2/3/1997','GB-ENG','Lewis Cook'),(30925,5,'Centre Central Defender','False','GB-ENG',18,'3/29/1994','GB-ENG','Jack OConnell'),(30926,4,'Centre Central Midfielder','False','GB-SCT',18,'8/24/1991','GB-SCT','John Fleck'),(30959,10,'Left/Right Winger','False','GB-ENG',127,'12/8/1995','GB-ENG','Jordon Ibe'),(30960,7,'Centre Central Midfielder','False','FR',4,'3/29/1991','FR','NGolo Kant'),(30984,1,'Goalkeeper','False','GB-ENG',43,'4/19/1992','GB-ENG','Nick Pope'),(30985,7,'Left Winger','False','IS',43,'10/27/1990','IS','Jhann Gudmundsson'),(31013,16,'Centre Central Defender','False','GB-ENG',1,'9/20/1995','GB-ENG','Rob Holding'),(31015,5,'Left/Centre/Right Attacking Midfielder','False','NL',10,'11/11/1990','NL','Georginio Wijnaldum'),(31037,33,'Goalkeeper','False','GB-NIR',14,'7/12/1984','GB-NIR','Michael McGovern'),(31063,19,'Left/Centre/Right Winger','False','DE',11,'1/11/1996','DE','Leroy San'),(31068,9,'Left/Centre/Right Second Striker','False','BR',11,'4/3/1997','BR','Gabriel Jesus'),(31074,2,'Central Defender','False','IE',23,'9/26/1989','IE','Ciaran Clark'),(31289,26,'Left Full Back','False','CD',25,'11/7/1993','FR','Arthur Masuaku'),(31291,5,'Centre Central Defender','False','GB-ENG',11,'5/28/1994','GB-ENG','John Stones'),(31712,0,'Forward','False','GB-ENG',11,'12/8/1994','JM','Raheem Sterling'),(31757,6,'Centre Central Defender','False','GB-ENG',23,'11/11/1993','GB-ENG','Jamaal Lascelles'),(31993,16,'Centre Central Defender','False','GB-ENG',38,'2/25/1993','GB-ENG','Conor Coady'),(32012,0,'Midfielder','False','GB-ENG',38,'1/27/2000','GB-ENG','Morgan Gibbs-White'),(32098,6,'Centre Central Midfielder','False','FR',12,'3/15/1993','FR','Paul Pogba'),(32103,37,'Left/Centre/Right Central Midfielder','False','AR',33,'1/7/1991','AR','Roberto Pereyra'),(32114,17,'Centre Striker','False','BE',6,'12/3/1990','CD','Christian Benteke'),(32140,11,'Midfielder','False','GB-ENG',131,'7/20/1994','GB-ENG','Solly March'),(32165,25,'Goalkeeper','False','GB-ENG',18,'5/19/1990','GB-ENG','Simon Moore'),(32203,2,'Right Full Back','False','NL',33,'7/22/1989','NL','Daryl Janmaat'),(32539,1,'Goalkeeper','False','CL',11,'4/13/1983','CL','Claudio Bravo'),(33468,4,'Left/Centre Central Defender','False','IE',131,'1/1/1992','GB-NIR','Shane Duffy'),(33511,22,'Right Full Back','False','US',23,'7/9/1993','US','DeAndre Yedlin'),(34626,25,'Centre Attacking Midfielder','True','UA',11,'12/15/1996','UA','Oleksandr Zinchenko'),(34877,20,'Centre/Right Central Defender','False','DE',1,'4/17/1992','DE','Shkodran Mustafi'),(34883,6,'Centre/Right Central Defender','False','JM',33,'10/3/1986','GB-ENG','Adrian Mariappa'),(35017,13,'Centre Central Midfielder','False','IE',43,'1/31/1992','IE','Jeff Hendrick'),(35018,3,'Left Full Back','False','ES',4,'12/28/1990','ES','Marcos Alonso'),(35149,46,'Centre Striker','False','CO',131,'9/8/1998','GB-ENG','Steven Alzate'),(35777,22,'Centre Striker','False','CI',2,'10/22/1989','FR','Jonathan Kodjia'),(35800,27,'Centre Defensive Midfielder','False','MA',38,'3/26/1990','FR','Romain Sass'),(35862,17,'Left/Centre/Right Attacking Midfielder','False','FR',21,'8/16/1989','FR','Moussa Sissoko'),(41062,9,'Left/Centre Second Striker','False','GB-ENG',7,'3/16/1997','GB-ENG','Dominic Calvert-Lewin'),(41538,12,'Left/Centre/Right Central Defender','False','GB-ENG',10,'5/23/1997','GB-ENG','Joseph Gomez'),(41632,0,'Defender','False','CH',14,'5/9/1988','DE','Timm Klose'),(42220,25,'Centre Central Midfielder','False','NG',26,'12/16/1996','NG','Wilfred Ndidi'),(42655,18,'Centre Defensive Midfielder','False','FR',7,'11/8/1989','FR','Morgan Schneiderlin'),(42727,15,'Left Full Back','False','GH',6,'12/23/1992','DE','Jeffrey Schlupp'),(42970,18,'Centre Central Midfielder','False','GB-ENG',43,'4/1/1990','GB-ENG','Ashley Westwood'),(42971,12,'Left Winger','False','IE',43,'1/14/1992','IE','Robbie Brady'),(43047,6,'Centre Central Defender','False','HR',10,'7/5/1989','BA','Dejan Lovren'),(43049,0,'Centre Central Defender','False','CM',10,'8/8/1991','DE','Joel Matip'),(43062,0,'Centre Central Defender','False','CI',12,'4/12/1994','CI','Eric Bailly'),(43133,3,'Left Full Back','False','GB-WLS',2,'2/7/1989','GB-WLS','Neil Taylor'),(43135,14,'Centre Central Midfielder','False','IE',2,'2/2/1991','IE','Conor Hourihane'),(43231,39,'Centre Attacking Midfielder','False','GB-SCT',12,'12/8/1996','GB-ENG','Scott McTominay'),(43997,17,'Centre Striker','False','GB-ENG',131,'9/25/1983','GB-ENG','Glenn Murray'),(44017,30,'Left/Right Winger','False','GH',23,'1/10/1992','GH','Christian Atsu'),(44026,0,'Left Full Back','False','BA',1,'6/20/1993','DE','Sead Kolasinac'),(44029,31,'Goalkeeper','False','BR',11,'8/17/1993','BR','Ederson'),(44030,20,'Left/Centre Attacking Midfielder','False','PT',11,'8/10/1994','PT','Bernardo Silva'),(44032,8,'Centre Central Midfielder','False','GB-ENG',33,'8/12/1989','GB-ENG','Tom Cleverley'),(44033,5,'Right Full Back','False','AR',25,'1/16/1985','AR','Pablo Zabaleta'),(44159,0,'Centre Central Defender','False','SE',12,'7/17/1994','SE','Victor Lindelf'),(46085,0,'Goalkeeper','False','GB-ENG',7,'3/7/1994','GB-ENG','Jordan Pickford'),(46676,0,'Goalkeeper','False','AU',131,'4/8/1992','AU','Mat Ryan'),(46933,8,'Centre Central Midfielder','False','BA',14,'5/23/1989','HR','Mario Vrancic'),(46991,6,'Centre Central Defender','False','DE',14,'1/12/1993','DE','Christoph Zimmermann'),(47001,3,'Left Full Back','False','IE',18,'7/9/1990','IE','Enda Stevens'),(47172,5,'Left/Centre Central Defender','False','NL',127,'2/18/1995','NL','Nathan Ak'),(47176,13,'Goalkeeper','False','AR',4,'9/28/1981','AR','Willy Caballero'),(47184,11,'Left/Centre/Right Winger','False','EG',10,'6/15/1992','EG','Mohamed Salah'),(47195,19,'Centre Central Midfielder','False','GB-ENG',33,'4/17/1995','GB-ENG','Will Hughes'),(48182,13,'Centre Central Midfielder','False','DE',131,'6/15/1991','DE','Pascal Gro'),(48228,21,'Right Wing Back','False','ES',33,'2/2/1991','ES','Kiko Femena'),(48260,5,'Centre Central Defender','False','GB-ENG',7,'1/11/1993','GB-ENG','Michael Keane'),(48542,9,'Centre Striker','False','FR',1,'5/28/1991','FR','Alexandre Lacazette'),(48549,3,'Left Full Back','False','GB-ENG',43,'9/18/1993','GB-ENG','Charlie Taylor'),(49704,8,'Centre Central Midfielder','False','PT',38,'3/13/1997','PT','Rben Neves'),(49709,4,'Centre Central Midfielder','False','GB-ENG',43,'6/25/1989','GB-ENG','Jack Cork'),(49710,8,'Centre Central Midfielder','True','GB-ENG',4,'1/23/1996','GB-ENG','Ruben Loftus-Cheek'),(50015,2,'Right Full Back','False','GB-ENG',11,'5/28/1990','GB-ENG','Kyle Walker'),(50016,14,'Centre Defensive Midfielder','False','GB-ENG',33,'12/12/1994','SL','Nathaniel Chalobah'),(50119,27,'Right Full Back','False','EG',2,'9/9/1987','EG','Ahmed El Mohamady'),(50135,26,'Left Full Back','False','GB-SCT',10,'3/11/1994','GB-SCT','Andrew Robertson'),(50136,19,'Right Full Back','False','ES',23,'5/5/1994','ES','Javier Manquillo'),(50336,44,'Centre Central Midfielder','False','NL',6,'9/9/1996','NL','Jairo Riedewald'),(50563,76,'Right Full Back','False','GB-WLS',10,'4/13/2001','GB-WLS','Neco Williams'),(51275,26,'Right Full Back','False','GB-SCT',43,'6/28/1985','GB-SCT','Phil Bardsley'),(51329,31,'Centre Central Midfielder','False','RS',12,'8/1/1988','YU','Nemanja Matic'),(51340,12,'Left Wing Back','False','GB-NIR',14,'1/25/1998','GB-ENG','Jamal Lewis'),(51513,0,'Centre Central Defender','False','GB-ENG',6,'2/14/1987','GB-ENG','Scott Dann'),(51519,5,'Defender','False','GB-ENG',6,'3/29/1989','GB-ENG','James Tomkins'),(51690,19,'Centre Defensive Midfielder','False','DE',14,'3/9/1993','DE','Tom Trybull'),(51699,18,'Centre Central Midfielder','False','DE',14,'2/9/1991','DE','Marco Stiepermann'),(51703,24,'Centre Central Midfielder','False','NL',131,'9/2/1991','NL','Davy Prpper'),(51790,18,'Centre Striker','False','GB-ENG',33,'6/26/1991','GB-ENG','Andre Gray'),(52087,24,'Right Full Back','False','GB-ENG',4,'12/8/1999','GB-ENG','Reece James'),(52102,20,'Left/Right Winger','False','GB-ENG',4,'11/7/2000','GB-ENG','Callum Hudson-Odoi'),(52220,47,'Centre/Right Attacking Midfielder','False','GB-ENG',11,'5/28/2000','GB-ENG','Phil Foden'),(52229,0,'Central Midfielder','False','GB-SCT',6,'10/7/1987','GB-SCT','James McArthur'),(52240,10,'Left/Centre/Right Attacking Midfielder','False','IS',7,'9/8/1989','IS','Gylfi Sigurdsson'),(52266,6,'Centre Central Defender','False','CO',21,'6/12/1996','CO','Davinson Snchez'),(52277,9,'Centre Striker','False','NZ',43,'12/7/1991','NZ','Chris Wood'),(52304,22,'Goalkeeper','False','AR',21,'1/2/1992','AR','Paulo Gazzaniga'),(52974,7,'Left/Right Attacking Midfielder','True','GB-SCT',25,'9/7/1987','GB-SCT','Robert Snodgrass'),(53032,21,'Centre Central Defender','False','AR',21,'1/12/1998','AR','Juan Foyth'),(53036,24,'Right Full Back','False','CI',21,'12/24/1992','CI','Serge Aurier'),(53174,0,'Defender','False','GB-ENG',18,'3/9/1993','GB-ENG','George Baldock'),(53178,7,'Centre Central Midfielder','False','GB-ENG',18,'2/18/1994','GB-ENG','John Lundstram'),(53183,25,'Centre Central Defender','False','GB-ENG',127,'12/18/1996','GB-ENG','Jack Simpson'),(53278,12,'Centre Central Defender','False','FR',6,'2/13/1990','FR','Mamadou Sakho'),(55835,4,'Midfielder','True','GB-ENG',14,'1/15/1998','GB-ENG','Ben Godfrey'),(56726,0,'Centre Central Defender','False','GB-SCT',14,'11/20/1991','GB-SCT','Grant Hanley'),(58929,16,'Attacking Midfielder','True','GB-ENG',12,'12/15/1992','GB-ENG','Jesse Lingard'),(64876,8,'Centre Central Midfielder','False','GB-ENG',2,'10/12/1990','GB-ENG','Henri Lansbury'),(90117,0,'Centre Central Defender','False','AR',12,'3/20/1990','AR','Marcos Rojo'),(90688,21,'Defender','False','IT',131,'5/23/1989','AR','Ezequiel Schelotto'),(90844,1,'Goalkeeper','False','GB-ENG',11,'12/3/1989','GB-ENG','Alex McCarthy'),(90847,43,'Right Full Back','False','FR',20,'2/22/1999','FR','Yan Valery'),(90860,23,'Centre Central Midfielder','False','DK',20,'8/5/1995','DK','Pierre-Emile Hjbjerg'),(90987,0,'Centre Central Midfielder','False','GB-ENG',21,'2/2/1996','GB-ENG','Harry Winks'),(91041,41,'Centre Central Midfielder','False','GB-ENG',25,'1/14/1999','GB-ENG','Declan Rice'),(91050,30,'Left/Right Winger','False','GB-ENG',25,'3/28/1990','GB-ENG','Michail Antonio'),(91606,14,'Centre Striker','False','NG',26,'10/3/1996','NG','Kelechi Iheanacho'),(92622,4,'Centre Central Defender','False','NL',10,'7/8/1991','NL','Virgil van Dijk'),(93725,11,'Centre/Right Second Striker','False','GB-ENG',7,'3/16/1989','GB-ENG','Theo Walcott'),(93814,61,'Forward','False','IE',20,'7/6/2000','IE','Michael Obafemi'),(93882,8,'Centre Attacking Midfielder','False','GB-ENG',4,'12/5/1993','GB-ENG','Ross Barkley'),(93899,25,'Right Winger','False','GB-ENG',43,'4/16/1987','GB-ENG','Aaron Lennon'),(93957,4,'Centre Central Defender','True','GB-ENG',12,'11/14/1997','GB-ENG','Axel Tuanzebe'),(93960,11,'Left/Right Winger','False','CU',14,'2/1/1993','CU','Onel Hernndez'),(93962,32,'Centre Striker','False','DE',14,'5/5/1994','DE','Dennis Srbeny'),(94007,23,'Right Full Back','False','IE',7,'10/11/1988','IE','Samus Coleman'),(94133,14,'Centre Central Defender','False','FR',11,'5/27/1994','FR','Aymeric Laporte'),(94140,33,'Left Full Back','False','IT',4,'8/3/1994','BR','Emerson'),(94217,14,'Centre Striker','False','GA',1,'6/18/1989','FR','Pierre-Emerick Aubameyang'),(94221,18,'Centre Striker','False','FR',4,'9/30/1986','FR','Olivier Giroud'),(94228,27,'Right Winger','False','BR',21,'8/13/1992','BR','Lucas Moura'),(94350,20,'Left/Centre/Right Attacking Midfielder','False','GB-ENG',10,'5/10/1988','GB-ENG','Adam Lallana'),(94486,17,'Centre Striker','True','NG',33,'1/7/1996','NG','Isaac Success'),(95187,19,'Left/Centre/Right Second Striker','False','GB-ENG',43,'7/29/1989','GB-ENG','Jay Rodriguez'),(96594,7,'Centre Striker','False','GB-ENG',23,'1/6/1989','GB-ENG','Andy Carroll'),(106028,16,'Centre Central Midfielder','True','FR',33,'1/1/1993','FR','Abdoulaye Doucour'),(106138,10,'Centre Central Midfielder','True','ES',2,'5/28/1994','ES','Vctor Camarasa'),(114653,3,'Centre Central Defender','True','DK',4,'4/10/1996','DK','Andreas Christensen'),(115748,11,'Centre Attacking Midfielder','True','BR',12,'1/1/1996','BE','Andreas Pereira'),(128164,0,'Defender','False','GB-ENG',6,'10/29/1989','GB-ENG','Joel Ward'),(128282,22,'Left Full Back','False','FR',11,'7/17/1994','FR','Benjamin Mendy'),(128570,36,'Centre Central Midfielder','True','GB-ENG',14,'2/27/1998','GB-ENG','Todd Cantwell'),(128766,31,'Forward','False','GB-ENG',43,'11/22/1999','GB-ENG','Dwight McNeil'),(129737,1,'Goalkeeper','False','SK',23,'1/15/1989','SK','Martin Dubravka'),(129749,21,'Right Full Back','False','PT',26,'10/6/1993','PT','Ricardo Pereira'),(129750,6,'Centre Central Defender','False','GB-NIR',26,'1/3/1988','GB-NIR','Jonny Evans'),(129751,20,'Right Full Back','False','PT',12,'3/18/1999','PT','Diogo Dalot'),(129752,7,'Left/Right Winger','False','ES',33,'3/13/1994','ES','Gerard Deulofeu'),(129756,31,'Goalkeeper','False','ES',6,'1/10/1987','ES','Vicente Guaita'),(129759,3,'Centre Defensive Midfielder','False','BR',10,'10/23/1993','BR','Fabinho'),(129760,8,'Centre Central Midfielder','False','GN',10,'2/10/1995','GN','Naby Keita'),(129761,24,'Right Full Back','False','GB-ENG',25,'10/10/1992','GB-ENG','Ryan Fredericks'),(129762,15,'Centre Central Defender','False','FR',38,'2/3/1991','FR','Willy Boly'),(129845,1,'Goalkeeper','False','DE',1,'3/4/1992','DE','Bernd Leno'),(129879,23,'Centre Central Defender','False','FR',25,'1/9/1997','FR','Issa Diop'),(129917,1,'Goalkeeper','False','PL',25,'4/18/1985','PL','Lukasz Fabianski'),(130045,10,'Left/Centre/Right Attacking Midfielder','False','GB-ENG',26,'11/23/1996','GB-ENG','James Maddison'),(130050,17,'Centre Central Midfielder','False','BR',12,'3/5/1993','BR','Fred'),(130310,17,'Left Winger','False','GB-SCT',20,'3/30/1992','GB-SCT','Stuart Armstrong'),(130400,24,'Centre Defensive Midfielder','False','FR',26,'6/23/1992','FR','Nampalys Mendy'),(130553,20,'Left/Centre/Right Attacking Midfielder','False','GB-WLS',127,'7/8/1997','GB-ENG','David Brooks'),(130554,29,'Left Full Back','False','PT',38,'4/9/1999','PT','Rben Vinagre'),(130623,10,'Centre Central Midfielder','False','DE',14,'12/8/1992','DE','Moritz Leitner'),(130624,17,'Left/Right Attacking Midfielder','False','AR',14,'12/25/1996','AR','Emiliano Buenda'),(130627,22,'Centre Striker','False','FI',14,'3/29/1990','FI','Teemu Pukki'),(130671,5,'Centre Central Defender','False','GR',1,'6/9/1988','GR','Sokratis'),(130672,11,'Left Full Back','False','IT',33,'1/2/1994','MA','Adam Masina'),(130759,26,'Goalkeeper','False','GB-ENG',33,'4/3/1983','GB-ENG','Ben Foster'),(131690,19,'Centre Central Midfielder','False','GB-ENG',25,'1/1/1992','GB-ENG','Jack Wilshere'),(131743,18,'Centre Striker','False','PT',38,'12/4/1996','PT','Diogo Jota'),(131750,11,'Goalkeeper','False','PT',38,'2/15/1988','PT','Rui Patrcio'),(131752,11,'Centre Central Midfielder','False','UY',1,'2/11/1996','UY','Lucas Torreira'),(131779,26,'Left/Right Winger','False','DZ',11,'2/21/1991','FR','Riyad Mahrez'),(131780,29,'Centre Central Midfielder','False','FR',1,'4/14/1999','FR','Matteo Guendouzi'),(131781,7,'Left/Right Winger','False','UA',25,'10/23/1989','RU','Andriy Yarmolenko'),(132044,4,'Centre Central Defender','False','DK',20,'8/3/1992','DK','Jannik Vestergaard'),(132466,35,'Goalkeeper','False','IE',25,'5/12/1987','IE','Darren Randolph'),(132770,23,'Left/Right Winger','False','CH',10,'10/10/1991','XK','Xherdan Shaqiri'),(132771,5,'Centre Central Midfielder','False','IT',4,'12/20/1991','BR','Jorginho'),(132927,8,'Left/Centre/Right Attacking Midfielder','False','BR',25,'4/15/1993','BR','Felipe Anderson'),(133131,1,'Goalkeeper','False','BR',10,'10/2/1992','BR','Alisson'),(133133,12,'Centre Central Defender','False','IE',18,'10/20/1992','IE','John Egan'),(133548,19,'Left/Centre/Right Attacking Midfielder','True','MA',20,'9/17/1993','FR','Sofiane Boufal'),(133641,28,'Centre Central Midfielder','False','PT',38,'9/8/1986','PT','Joo Moutinho'),(133644,17,'Striker','False','IE',18,'11/29/1987','IE','David McGoldrick'),(133646,7,'Left/Centre/Right Second Striker','False','BR',7,'5/10/1997','BR','Richarlison'),(133647,21,'Left Full Back','False','ES',127,'2/23/1993','ES','Diego Rico'),(133649,1,'Goalkeeper','False','NL',14,'4/3/1988','NL','Tim Krul'),(133651,15,'Left Winger','True','GB-ENG',26,'12/9/1997','GB-ENG','Harvey Barnes'),(133675,52,'Midfielder','False','GB-ENG',21,'9/16/2000','GB-ENG','Oliver Skipp'),(133749,5,'Centre Central Defender','False','CH',23,'12/20/1991','CH','Fabian Schr'),(133868,2,'Right Full Back','False','GB-ENG',14,'1/4/2000','GB-ENG','Max Aarons'),(134236,12,'Left Full Back','False','FR',7,'7/20/1993','FR','Lucas Digne'),(134321,8,'Centre Central Midfielder','False','SN',6,'12/21/1989','SN','Cheikhou Kouyat'),(134380,13,'Centre Striker','False','JP',23,'7/15/1992','JP','Yoshinori Muto'),(134381,7,'Left/Centre/Right Attacking Midfielder','False','DE',6,'9/18/1995','DE','Max Meyer'),(134618,0,'Defender','False','GB-ENG',21,'3/31/1999','GB-ENG','Japhet Tanganga'),(134707,14,'Centre Central Defender','False','GB-ENG',43,'1/15/1993','GB-ENG','Ben Gibson'),(134737,0,'Midfielder','False','GB-SCT',4,'6/11/2001','GB-SCT','Billy Gilmour'),(134740,55,'Centre Central Midfielder','False','GB-ENG',4,'11/23/2001','GB-ENG','Faustino Anjorin'),(135116,5,'Centre Central Defender','True','GB-ENG',4,'12/19/1997','CA','Fikayo Tomori'),(135117,16,'Centre Striker','True','GB-ENG',23,'10/17/1990','GB-ENG','Dwight Gayle'),(135169,27,'Centre Striker','False','CZ',43,'5/1/1992','CZ','Matej Vydra'),(135175,8,'Centre Central Midfielder','False','CO',127,'10/25/1994','CO','Jefferson Lerma'),(135177,5,'Centre Central Defender','True','GB-ENG',1,'1/20/1995','GB-ENG','Calum Chambers'),(135178,25,'Goalkeeper','False','NO',2,'9/10/1990','NO','rjan Nyland'),(135191,37,'Right Winger','False','ES',38,'1/25/1996','ES','Adama Traor'),(135192,1,'Goalkeeper','False','ES',4,'10/3/1994','ES','Kepa Arrizabalaga'),(135200,7,'Centre Central Midfielder','False','GB-SCT',2,'10/18/1994','GB-SCT','John McGinn'),(135240,22,'Right Full Back','False','ES',131,'4/14/1991','ES','Martn Montoya'),(135243,13,'Centre Central Defender','False','CO',7,'9/23/1994','CO','Yerry Mina'),(135245,20,'Left Winger','False','BR',7,'9/8/1992','BR','Bernard'),(135251,18,'Centre Central Defender','False','AR',23,'2/21/1989','AR','Federico Fernndez'),(135262,33,'Centre Central Defender','True','GB-ENG',131,'5/9/1992','GB-ENG','Dan Burn'),(135589,5,'Centre Central Defender','True','FR',4,'10/27/1994','FR','Kurt Zouma'),(135591,36,'Centre Central Midfielder','False','GB-ENG',23,'10/30/1997','GB-ENG','Sean Longstaff'),(135654,77,'Left Winger','False','GB-ENG',1,'9/5/2001','GB-ENG','Bukayo Saka'),(135671,0,'Winger','False','GB-ENG',7,'2/24/2001','GB-ENG','Anthony Gordon'),(135709,21,'Goalkeeper','True','GB-ENG',2,'9/23/1992','GB-ENG','Jed Steer'),(135976,16,'Left/Right Winger','False','IR',131,'8/11/1993','IR','Alireza Jahanbakhsh'),(136255,4,'Centre Central Defender','False','TR',26,'5/23/1996','TR','aglar Sync'),(136298,42,'Goalkeeper','False','IE',127,'5/18/1999','IE','Mark Travers'),(136935,18,'Centre Striker','True','GB-ENG',4,'10/2/1997','GB-ENG','Tammy Abraham'),(137781,0,'Midfielder','False','GB-ENG',23,'3/21/2000','GB-ENG','Matthew Longstaff'),(138634,48,'Centre Central Midfielder','False','GB-ENG',10,'1/30/2001','GB-ENG','Curtis Jones'),(138686,40,'Centre Striker','False','GB-ENG',6,'12/10/2001','GB-ENG','Brandon Pierrick'),(139561,3,'Defender','False','BR',131,'5/14/1995','BR','Bernardo'),(139564,26,'Centre Striker','False','GB-ENG',12,'10/1/2001','GB-ENG','Mason Greenwood'),(140935,14,'Centre Defensive Midfielder','False','ES',20,'9/24/1991','ES','Oriol Romeu'),(141016,50,'Centre Central Defender','False','ES',11,'1/9/2001','ES','Eric Garca'),(141189,0,'Defender','False','FR',23,'5/20/1991','FR','Florian Lejeune'),(143584,23,'Centre Central Midfielder','False','GB-SCT',14,'1/8/1992','GB-SCT','Kenny McLean'),(144289,49,'Left Full Back','False','GB-ENG',38,'5/23/1997','GB-ENG','Maximilian Kilman'),(144363,68,'Centre Central Defender','True','GB-ENG',7,'10/22/1996','GB-ENG','Mason Holgate'),(144510,9,'Centre Striker','False','GB-ENG',127,'9/14/1997','GB-ENG','Dominic Solanke'),(144514,35,'Goalkeeper','True','GB-ENG',127,'5/14/1998','GB-ENG','Aaron Ramsdale'),(144579,16,'Centre Central Midfielder','False','GB-NIR',18,'4/12/1991','GB-NIR','Oliver Norwood'),(144698,22,'Left/Centre/Right Attacking Midfielder','True','US',4,'9/18/1998','US','Christian Pulisic'),(153012,33,'Centre Central Defender','False','GB-WLS',127,'11/5/1997','GB-ENG','Chris Mepham'),(153068,26,'Goalkeeper','True','AR',1,'9/2/1992','AR','Emiliano Martnez'),(154172,0,'Left/Centre/Right Attacking Midfielder','False','AR',131,'12/24/1998','AR','Alexis Mac Allister'),(154335,24,'Left/Centre/Right Second Striker','False','PY',23,'2/10/1994','PY','Miguel Almirn'),(154336,19,'Left Full Back','False','ES',38,'3/3/1994','ES','Jonny'),(154432,0,'Right Full Back','False','FR',2,'12/24/1994','FR','Frederic Guilbert'),(154433,23,'Centre Striker','True','BE',4,'10/2/1993','BE','Michy Batshuayi'),(154766,18,'Centre Striker','True','IE',131,'1/28/2000','IE','Aaron Connolly'),(156959,4,'Centre Central Defender','False','PY',25,'8/23/1991','PY','Fabin Balbuena'),(157053,15,'Left/Centre/Right Central Midfielder','False','GB-ENG',10,'8/15/1993','GB-ENG','Alex Oxlade-Chamberlain'),(159287,15,'Centre Defensive Midfielder','False','CO',2,'2/6/1986','CO','Carlos Snchez'),(159627,21,'Left/Right Winger','False','GB-WLS',12,'11/10/1997','GB-ENG','Daniel James'),(159635,26,'Left Full Back','False','GB-ENG',127,'10/6/1998','GB-ENG','Lloyd Kelly'),(159637,18,'Centre Central Midfielder','False','ES',25,'2/22/1996','ES','Pablo Fornals'),(159638,12,'Left/Right Winger','False','ML',20,'6/15/1998','ML','Moussa Djenepo'),(159677,23,'Left/Centre Attacking Midfielder','False','ES',2,'6/16/1991','ES','Jota'),(159689,9,'Centre Striker','False','BR',2,'11/26/1996','BR','Wesley'),(159713,11,'Left Winger','False','BE',131,'12/4/1994','BE','Leandro Trossard'),(159715,21,'Centre Central Midfielder','False','PT',7,'7/30/1993','PT','Andr Gomes'),(159737,2,'Right Full Back','False','GB-ENG',26,'2/23/1998','GB-ENG','James Justin'),(159741,20,'Centre Striker','False','CH',14,'8/8/1992','CH','Josip Drmic'),(159974,29,'Left/Right Winger','False','SN',7,'4/18/1990','SN','Oumar Niasse'),(159994,29,'Right Full Back','False','GB-ENG',12,'11/26/1997','GB-ENG','Aaron Wan-Bissaka'),(160025,32,'Centre Central Midfielder','False','BE',38,'4/15/1995','BE','Leander Dendoncker'),(160029,18,'Left Full Back','False','GB-ENG',2,'9/18/1995','GB-ENG','Matt Targett'),(160032,4,'Centre Central Defender','False','GB-ENG',33,'5/6/1990','GB-ENG','Craig Dawson'),(160034,21,'Left/Right Winger','False','NL',2,'5/3/1995','NL','Anwar El Ghazi'),(160036,9,'Centre Striker','False','MX',38,'5/5/1991','MX','Ral Jimnez'),(160054,17,'Centre Central Midfielder','False','HR',4,'5/6/1994','AT','Mateo Kovacic'),(160081,25,'Goalkeeper','False','GB-ENG',25,'1/22/1986','GB-ENG','David Martin'),(160096,28,'Centre Central Midfielder','False','FR',21,'12/28/1996','FR','Tanguy Ndombele'),(160103,8,'Left Attacking Midfielder','False','GB-ENG',18,'3/22/1992','GB-ENG','Luke Freeman'),(160118,24,'Left/Centre/Right Striker','False','GB-ENG',1,'12/10/1999','GB-ENG','Reiss Nelson'),(160156,17,'Centre/Right Striker','False','ES',26,'7/29/1993','ES','Ayoze Prez'),(160158,16,'Centre Central Midfielder','False','ES',11,'6/22/1996','ES','Rodrigo'),(160166,15,'Centre Central Defender','False','GB-ENG',18,'8/17/1982','GB-ENG','Phil Jagielka'),(160300,21,'Goalkeeper','True','DE',14,'9/27/1988','DE','Ralf Fhrmann'),(160312,17,'Right Wing Back','False','GB-ENG',127,'4/6/1996','GB-ENG','Jack Stacey'),(160313,23,'Left Full Back','False','NL',43,'8/7/1988','NL','Erik Pieters'),(160314,8,'Centre Central Midfielder','False','BE',26,'5/7/1997','BE','Youri Tielemans'),(160323,40,'Centre Central Defender','False','GB-ENG',2,'3/13/1993','GB-ENG','Tyrone Mings'),(160422,15,'Centre Central Defender','False','GB-ENG',2,'10/23/1997','GB-ENG','Ezri Konsa Ngoyo'),(160424,19,'Centre Attacking Midfielder','False','GB-ENG',4,'1/10/1999','GB-ENG','Mason Mount'),(160457,8,'Left/Centre Central Midfielder','False','GB-ENG',7,'11/21/1989','GB-ENG','Fabian Delph'),(160488,22,'Centre Central Defender','False','BE',2,'9/15/1994','BE','Bjrn Engels'),(160495,3,'Right Full Back','False','GB-ENG',14,'9/16/1993','GB-ENG','Sam Byram'),(160522,22,'Centre Striker','False','FR',25,'6/22/1994','FR','Sbastien Haller'),(160579,71,'Centre Striker','False','IE',21,'2/4/2002','IE','Troy Parrott'),(160587,22,'Centre Striker','False','FR',18,'2/8/1996','FR','Lys Mousset'),(160652,0,'Forward','False','IE',20,'2/21/2000','GB-ENG','William Smallbone'),(160671,9,'Centre Striker','False','BR',23,'8/14/1996','BR','Joelinton'),(160672,17,'Left/Right Winger','False','EG',2,'10/1/1994','EG','Trzguet'),(160682,8,'Left/Centre/Right Attacking Midfielder','True','ES',1,'8/7/1996','ES','Dani Ceballos'),(160683,6,'Centre Central Midfielder','False','BR',2,'5/9/1998','BR','Douglas Luiz'),(160688,9,'Centre Striker','False','GH',6,'9/11/1991','FR','Jordan Ayew'),(160698,23,'Centre Central Midfielder','False','GB-ENG',18,'8/5/1994','GB-ENG','Ben Osborn'),(160732,29,'Centre Defensive Midfielder','False','DK',127,'6/11/1996','DK','Philip Billing'),(160738,67,'Left/Centre/Right Attacking Midfielder','False','GB-ENG',10,'4/4/2003','GB-ENG','Harvey Elliott'),(160755,1,'Goalkeeper','True','GB-ENG',18,'3/12/1997','GB-ENG','Dean Henderson'),(160772,1,'Goalkeeper','False','GB-ENG',2,'4/15/1986','GB-ENG','Tom Heaton'),(160773,11,'Centre Central Midfielder','False','ZW',2,'1/19/1994','ZW','Marvelous Nakamba'),(160781,14,'Left/Right Winger','False','NL',127,'1/31/1997','NG','Arnaut Danjuma Groeneveld'),(160783,19,'Right Winger','False','CI',1,'5/29/1995','FR','Nicolas Pp'),(160845,15,'Left Full Back','True','NL',23,'3/30/1994','NL','Jetro Willems'),(160846,10,'Left/Right Winger','False','FR',23,'3/12/1997','FR','Allan Saint-Maximin'),(160847,9,'Centre Striker','False','GB-SCT',18,'6/4/1996','GB-ENG','Oliver McBurnie'),(160892,15,'Centre Central Defender','False','GB-ENG',131,'1/4/1995','GB-ENG','Adam Webster'),(160893,25,'Centre Central Midfielder','False','CI',7,'9/25/1995','CI','Jean-Philippe Gbamin'),(160895,7,'Right Winger','False','PT',38,'3/9/2000','PT','Pedro Neto'),(160897,27,'Centre Striker','False','IT',7,'2/28/2000','IT','Moise Kean'),(161345,5,'Centre Central Defender','False','GB-ENG',12,'3/5/1993','GB-ENG','Harry Maguire'),(161346,13,'Goalkeeper','False','ES',10,'1/3/1987','ES','Adrin'),(161349,0,'Centre Striker','False','FR',131,'8/14/1996','FR','Neal Maupay'),(161350,0,'Centre Central Defender','False','GB-ENG',6,'12/19/1985','GB-ENG','Gary Cahill'),(161377,53,'Left Full Back','False','GB-ENG',12,'9/3/2000','GB-ENG','Brandon Williams'),(161384,28,'Midfielder','False','GB-ENG',12,'8/31/2000','GB-ENG','Angel Gomes'),(161386,37,'Central Midfielder','False','GB-ENG',12,'3/13/2001','GB-ENG','James Garner'),(161388,44,'Left/Right Winger','False','NL',12,'12/4/1999','CW','Tahith Chong'),(161396,19,'Centre Striker','True','GB-ENG',127,'7/28/1998','GB-ENG','Sam Surridge'),(161402,22,'Left/Right Winger','True','GB-WLS',127,'3/22/1997','GB-WLS','Harry Wilson'),(161449,28,'Goalkeeper','False','GB-ENG',20,'1/22/1996','GB-ENG','Angus Gunn'),(161453,5,'Centre Central Defender','False','JP',20,'8/24/1988','JP','Maya Yoshida'),(161456,10,'Centre Attacking Midfielder','False','GB-ENG',20,'7/13/1996','GB-ENG','Che Adams'),(161459,22,'Left/Right Winger','False','GB-ENG',20,'3/6/1994','GB-ENG','Nathan Redmond'),(161463,7,'Centre Striker','False','IE',20,'1/22/1987','IE','Shane Long'),(161464,9,'Centre Striker','False','GB-ENG',20,'7/23/1992','GB-ENG','Danny Ings'),(161537,35,'Centre Striker','False','IE',14,'2/11/2001','IE','Adam Idah'),(161548,19,'Right Full Back','True','FR',7,'7/29/1992','FR','Djibril Sidib'),(161549,27,'Right Full Back','False','PT',11,'5/27/1994','PT','Joo Cancelo'),(161550,10,'Centre Striker','False','GB-ENG',33,'11/26/1990','GB-ENG','Danny Welbeck'),(161558,22,'Centre Central Midfielder','False','IE',6,'11/12/1990','IE','James McCarthy'),(161559,27,'Centre Striker','False','CH',25,'2/26/1997','CH','Albian Ajeti'),(161985,17,'Right Full Back','False','SE',23,'8/2/1994','SE','Emil Krafth'),(161990,23,'Left/Right Winger','False','SN',33,'2/25/1998','SN','Ismaila Sarr'),(161996,14,'Centre Striker','True','GB-ENG',1,'5/30/1999','GB-ENG','Eddie Nketiah'),(162014,19,'Left/Right Winger','False','GB-ENG',21,'5/18/2000','GB-ENG','Ryan Sessegnon'),(162019,23,'Centre Central Defender','False','BR',1,'4/22/1987','BR','David Luiz'),(162020,17,'Left/Centre/Right Second Striker','False','NG',7,'5/3/1996','NG','Alex Iwobi'),(162021,26,'Centre Attacking Midfielder','False','BE',26,'5/14/1994','BE','Dennis Praet'),(162023,27,'Centre Defensive Midfielder','True','BA',18,'9/10/1992','DE','Muhamed Besic'),(162047,56,'Centre Striker','False','GB-ENG',14,'9/9/2001','GB-ENG','Josh Martin'),(162118,0,'Centre Central Midfielder','False','ML',131,'8/30/1996','ML','Yves Bissouma'),(162156,38,'Centre Central Defender','True','AT',20,'9/19/1998','AT','Kevin Danso'),(162532,0,'Centre Central Defender','False','DE',4,'3/3/1993','DE','Antonio Rdiger'),(163201,20,'Left Full Back','False','ES',1,'2/26/1986','ES','Nacho Monreal'),(163251,19,'Left/Right Winger','False','FR',21,'2/13/1995','FR','Georges-Kvin Nkoudou'),(163747,14,'Centre Striker','False','MX',25,'6/1/1988','MX','Chicharito'),(163789,77,'Left/Centre/Right Attacking Midfielder','True','AM',1,'1/21/1989','AM','Henrikh Mkhitaryan'),(163811,23,'Striker','True','RO',131,'4/11/1993','RO','Florin Andone'),(166103,3,'Left Full Back','False','GB-SCT',1,'6/5/1997','GB-SCT','Kieran Tierney'),(166468,0,'Midfielder','False','GB-ENG',2,'7/16/1995','GB-ENG','Kortney Hause'),(166789,0,'Midfielder','False','BR',1,'6/18/2001','BR','Gabriel Martinelli'),(171568,37,'Centre Striker','True','NL',131,'11/7/1993','NL','Jrgen Locadia'),(172388,18,'Left/Centre/Right Striker','False','JP',10,'1/16/1995','JP','Takumi Minamino'),(172390,17,'Centre Striker','False','BR',33,'9/26/2001','BR','Joo Pedro'),(172462,2,'Right Full Back','True','GP',25,'3/23/1993','FR','Dimitri Foulquier'),(172469,19,'Left/Centre/Right Attacking Midfielder','True','GB-ENG',11,'2/5/1997','GB-ENG','Patrick Roberts'),(172658,36,'Centre Striker','False','US',2,'2/16/2001','US','Indiana Vassilev'),(175380,4,'Centre Central Midfielder','True','GB-ENG',2,'3/5/1990','GB-ENG','Daniel Drinkwater'),(175441,27,'Midfielder','True','GB-ENG',25,'6/19/1998','GB-ENG','Nathan Holland'),(175528,20,'Centre Striker','True','TR',7,'6/7/1991','DE','Cenk Tosun'),(175534,52,'Full Back','False','GB-ENG',25,'9/7/2000','GB-ENG','Jeremy Ngakia'),(175545,32,'Left Winger','True','GB-ENG',1,'7/28/2000','GB-ENG','Emile Smith Rowe'),(175596,63,'Centre Striker','True','IT',38,'1/3/1998','IT','Patrick Cutrone'),(175656,25,'Centre Attacking Midfielder','True','SK',14,'12/5/1994','SK','Ondrej Duda'),(175680,7,'Left/Centre/Right Central Midfielder','False','DE',14,'1/8/1991','DE','Lukas Rupp'),(175685,29,'Goalkeeper','True','ES',2,'8/31/1982','ES','Pepe Reina'),(176689,0,'Defender','True','GB-WLS',23,'9/26/1991','GB-WLS','Paul Dummett'),(179147,33,'Left/Centre Attacking Midfielder','False','AR',33,'12/21/1995','AR','Ignacio Pussetto'),(179148,30,'Centre Central Midfielder','True','PT',21,'1/9/1999','ST','Gedson Fernandes'),(179279,13,'Goalkeeper','True','ES',25,'2/10/1986','ES','Roberto Jimnez'),(179281,20,'Centre Striker','False','TZ',2,'12/23/1992','TZ','Mbwana Samatta'),(179282,19,'Left Full Back','False','GB-ENG',18,'9/1/1993','GB-ENG','Jack Robinson'),(179296,42,'Central Midfielder','True','DZ',23,'11/24/1994','FR','Nabil Bentaleb'),(179298,0,'Centre Central Midfielder','False','GB-ENG',26,'7/22/1991','GB-ENG','Matty James'),(179348,15,'Left/Right Wing Back','False','GB-ENG',12,'7/9/1985','GB-ENG','Ashley Young'),(179384,18,'Centre Central Midfielder','False','AU',131,'9/15/1990','AU','Aaron Mooy'),(179415,20,'Centre Central Defender','True','ES',38,'1/5/1997','ES','Jess Vallejo'),(179421,23,'Right Winger','True','AT',23,'3/24/1996','AT','Valentino Lazaro'),(180000,18,'Centre Attacking Midfielder','False','AR',21,'4/9/1996','AR','Giovani Lo Celso'),(180005,23,'Left/Right Winger','False','NL',21,'10/8/1997','NL','Steven Bergwijn'),(180025,24,'Centre Attacking Midfielder','False','DK',21,'2/14/1992','DK','Christian Eriksen'),(180034,24,'Left/Right Full Back','True','GB-ENG',20,'4/13/1997','GB-ENG','Kyle Walker-Peters'),(180035,28,'Centre Defensive Midfielder','True','CZ',25,'2/27/1995','CZ','Tomas Soucek'),(180046,47,'Centre Second Striker','True','IE',18,'2/2/1995','IE','Callum Robinson'),(180050,10,'Left/Right Winger','False','PT',38,'10/21/1995','PT','Daniel Podence'),(180060,18,'Left/Centre/Right Attacking Midfielder','False','PT',12,'9/8/1994','PT','Bruno Fernandes'),(180063,32,'Centre Central Midfielder','False','NO',18,'2/14/1998','NO','Sander Berge'),(180064,28,'Left Full Back','True','GB-ENG',23,'7/2/1990','GB-ENG','Danny Rose'),(180093,8,'Centre Central Midfielder','False','GB-ENG',43,'12/19/1995','GB-ENG','Josh Brownhill'),(180097,6,'Left Full Back','False','CM',131,'4/25/1988','CM','Gatan Bong'),(180108,17,'Right Wing Back','True','PT',1,'8/31/1991','DE','Cdric Soares'),(180123,30,'Centre Striker','True','NL',18,'9/5/1996','NL','Richairo Zivkovic'),(180157,23,'Centre Central Midfielder','True','FR',14,'4/6/1993','CM','Ibrahim Amadou'),(180197,15,'Left/Centre/Right Attacking Midfielder','True','GB-ENG',18,'2/2/1993','GB-ENG','Ravel Morrison'),(180200,19,'Centre Striker','True','GB-ENG',6,'3/31/1993','GB-ENG','Connor Wickham'),(180206,19,'Centre Striker','False','ES',2,'8/25/1992','ES','Borja Bastn'),(180207,2,'Right Full Back','False','GB-ENG',131,'9/30/2000','GB-ENG','Tariq Lamptey'),(180209,29,'Centre Central Defender','True','GB-ENG',26,'3/6/1990','GB-ENG','Ryan Bennett'),(180210,25,'Centre Striker','True','NG',12,'6/16/1989','NG','Odion Ighalo'),(180212,17,'Centre Striker','False','GB-ENG',25,'12/20/1996','GB-ENG','Jarrod Bowen'),(180424,3,'Left Full Back','True','ES',11,'1/4/1997','ES','Angelio'),(180764,0,'Centre Central Defender','False','ES',1,'8/31/1993','ES','Pablo Mar'),(180848,0,'Midfielder','False','PT',33,'11/18/1999','GW','Domingos Quina'),(180889,10,'Centre Central Midfielder','False','KR',23,'1/24/1989','KR','Ki Sung-Yueng'),(181972,57,'Centre Striker','False','AL',4,'9/10/2001','AL','Armando Broja'),(184255,52,'Midfielder','False','GB-ENG',20,'7/5/1999','GB-ENG','Nathan Tella'),(184283,33,'Forward','False','GB-ENG',43,'2/9/2002','GB-ENG','Max Thompson');
/*!40000 ALTER TABLE `players_info` ENABLE KEYS */;
UNLOCK TABLES;

--
-- Table structure for table `position`
--

DROP TABLE IF EXISTS `position`;
/*!40101 SET @saved_cs_client     = @@character_set_client */;
/*!50503 SET character_set_client = utf8mb4 */;
CREATE TABLE `position` (
  `positionCategory` varchar(255) DEFAULT NULL,
  `position` varchar(255) NOT NULL,
  PRIMARY KEY (`position`)
) ENGINE=InnoDB DEFAULT CHARSET=utf8mb4 COLLATE=utf8mb4_0900_ai_ci;
/*!40101 SET character_set_client = @saved_cs_client */;

--
-- Dumping data for table `position`
--

LOCK TABLES `position` WRITE;
/*!40000 ALTER TABLE `position` DISABLE KEYS */;
INSERT INTO `position` VALUES ('M','Attacking Midfielder'),('D','Central Defender'),('M','Central Midfielder'),('M','Centre Attacking Midfielder'),('D','Centre Central Defender'),('M','Centre Central Midfielder'),('M','Centre Defensive Midfielder'),('F','Centre Second Striker'),('F','Centre Striker'),('F','Centre/Right Attacking Midfielder'),('D','Centre/Right Central Defender'),('M','Centre/Right Central Midfielder'),('D','Centre/Right Full Back'),('F','Centre/Right Second Striker'),('F','Centre/Right Striker'),('D','Defender'),('F','Forward'),('D','Full Back'),('G','Goalkeeper'),('M','Left Attacking Midfielder'),('D','Left Full Back'),('D','Left Wing Back'),('M','Left Winger'),('M','Left/Centre Attacking Midfielder'),('D','Left/Centre Central Defender'),('M','Left/Centre Central Midfielder'),('F','Left/Centre Second Striker'),('M','Left/Centre/Right Attacking Midfielder'),('D','Left/Centre/Right Central Defender'),('M','Left/Centre/Right Central Midfielder'),('F','Left/Centre/Right Second Striker'),('F','Left/Centre/Right Striker'),('F','Left/Centre/Right Winger'),('M','Left/Right Attacking Midfielder'),('D','Left/Right Full Back'),('D','Left/Right Wing Back'),('F','Left/Right Winger'),('M','Midfielder'),('D','Right Full Back'),('D','Right Wing Back'),('F','Right Winger'),('F','Striker'),('M','Winger');
/*!40000 ALTER TABLE `position` ENABLE KEYS */;
UNLOCK TABLES;
/*!40103 SET TIME_ZONE=@OLD_TIME_ZONE */;

/*!40101 SET SQL_MODE=@OLD_SQL_MODE */;
/*!40014 SET FOREIGN_KEY_CHECKS=@OLD_FOREIGN_KEY_CHECKS */;
/*!40014 SET UNIQUE_CHECKS=@OLD_UNIQUE_CHECKS */;
/*!40101 SET CHARACTER_SET_CLIENT=@OLD_CHARACTER_SET_CLIENT */;
/*!40101 SET CHARACTER_SET_RESULTS=@OLD_CHARACTER_SET_RESULTS */;
/*!40101 SET COLLATION_CONNECTION=@OLD_COLLATION_CONNECTION */;
/*!40111 SET SQL_NOTES=@OLD_SQL_NOTES */;

-- Dump completed on 2020-07-06  9:59:26
