index,playerId,totalScoringAttack,ontargetScoringAttack,hitWoodwork,HeadGoal,PenaltyGoal,FreekickGoal,totalOffside,touches,totalPass,totalThroughBall,totalCross,cornerTaken
0,160036.0,107.0,39.0,3.0,5.0,3.0,0.0,17.0,1392.0,830.0,3.0,23.0,0.0
1,47184.0,107.0,46.0,4.0,1.0,3.0,0.0,17.0,1277.0,827.0,9.0,42.0,27.0
2,19511.0,91.0,36.0,2.0,2.0,0.0,0.0,6.0,1477.0,1011.0,6.0,8.0,0.0
3,19595.0,88.0,28.0,4.0,0.0,2.0,1.0,2.0,2336.0,1624.0,27.0,259.0,152.0
4,161349.0,86.0,36.0,0.0,3.0,1.0,0.0,12.0,997.0,558.0,4.0,10.0,0.0
5,94217.0,81.0,36.0,3.0,3.0,1.0,1.0,17.0,1099.0,680.0,7.0,79.0,0.0
6,133646.0,81.0,30.0,3.0,3.0,0.0,0.0,16.0,1327.0,676.0,6.0,49.0,2.0
7,19620.0,79.0,35.0,6.0,1.0,5.0,0.0,10.0,1134.0,699.0,8.0,27.0,6.0
8,31712.0,79.0,26.0,4.0,1.0,0.0,0.0,10.0,1512.0,1008.0,9.0,47.0,0.0
9,136935.0,78.0,36.0,3.0,3.0,0.0,0.0,23.0,741.0,371.0,2.0,11.0,0.0
10,161464.0,77.0,32.0,4.0,0.0,0.0,0.0,8.0,970.0,499.0,1.0,20.0,0.0
11,6009.0,76.0,28.0,5.0,2.0,2.0,0.0,6.0,603.0,354.0,1.0,9.0,0.0
12,41062.0,75.0,34.0,1.0,4.0,0.0,0.0,9.0,878.0,477.0,2.0,17.0,0.0
13,31068.0,75.0,38.0,2.0,2.0,0.0,0.0,16.0,771.0,465.0,1.0,5.0,1.0
14,130627.0,75.0,34.0,1.0,0.0,2.0,0.0,16.0,795.0,482.0,0.0,7.0,0.0
15,130045.0,74.0,18.0,1.0,0.0,0.0,1.0,4.0,2177.0,1473.0,19.0,221.0,157.0
16,160424.0,71.0,27.0,3.0,0.0,0.0,0.0,2.0,1620.0,1057.0,2.0,122.0,76.0
17,20239.0,68.0,31.0,3.0,1.0,0.0,0.0,16.0,1114.0,636.0,5.0,55.0,30.0
18,6566.0,66.0,28.0,1.0,2.0,2.0,0.0,14.0,807.0,448.0,11.0,19.0,0.0
19,19619.0,66.0,34.0,1.0,2.0,0.0,0.0,11.0,947.0,568.0,5.0,8.0,0.0
20,129752.0,64.0,21.0,5.0,0.0,1.0,0.0,18.0,1265.0,721.0,3.0,96.0,34.0
21,30549.0,63.0,30.0,2.0,2.0,0.0,0.0,11.0,1444.0,912.0,5.0,37.0,1.0
22,11259.0,63.0,36.0,2.0,3.0,4.0,0.0,23.0,625.0,356.0,3.0,24.0,0.0
23,131743.0,62.0,23.0,1.0,0.0,0.0,0.0,3.0,1238.0,708.0,3.0,37.0,0.0
24,6623.0,60.0,22.0,1.0,0.0,3.0,1.0,4.0,1720.0,1182.0,4.0,136.0,86.0
25,131779.0,58.0,26.0,1.0,0.0,1.0,2.0,11.0,1383.0,938.0,11.0,77.0,46.0
26,11653.0,57.0,18.0,2.0,0.0,0.0,0.0,3.0,1923.0,1196.0,2.0,114.0,66.0
27,106028.0,54.0,12.0,0.0,0.0,0.0,0.0,4.0,1871.0,1441.0,0.0,23.0,2.0
28,133651.0,53.0,22.0,0.0,0.0,0.0,0.0,4.0,942.0,599.0,5.0,36.0,0.0
29,52277.0,53.0,26.0,0.0,5.0,0.0,0.0,31.0,678.0,396.0,1.0,8.0,0.0
30,160522.0,52.0,25.0,0.0,0.0,0.0,0.0,18.0,1101.0,726.0,2.0,8.0,0.0
31,160688.0,51.0,23.0,1.0,1.0,0.0,0.0,8.0,1306.0,676.0,2.0,21.0,1.0
32,144698.0,50.0,21.0,0.0,2.0,0.0,0.0,2.0,853.0,503.0,4.0,28.0,4.0
33,49704.0,49.0,8.0,1.0,0.0,0.0,0.0,0.0,1964.0,1615.0,5.0,34.0,9.0
34,160034.0,49.0,19.0,2.0,0.0,1.0,0.0,11.0,843.0,440.0,1.0,98.0,18.0
35,95187.0,49.0,22.0,2.0,2.0,1.0,0.0,15.0,651.0,352.0,2.0,9.0,0.0
36,161402.0,49.0,17.0,1.0,0.0,0.0,2.0,1.0,840.0,532.0,6.0,31.0,20.0
37,161459.0,48.0,16.0,2.0,0.0,0.0,0.0,5.0,1245.0,779.0,3.0,31.0,0.0
38,94228.0,48.0,13.0,0.0,1.0,0.0,0.0,4.0,1142.0,643.0,6.0,18.0,4.0
39,160314.0,48.0,11.0,1.0,0.0,0.0,0.0,1.0,1828.0,1422.0,12.0,48.0,13.0
40,13935.0,48.0,11.0,1.0,0.0,0.0,0.0,15.0,1852.0,945.0,1.0,59.0,0.0
41,160671.0,47.0,15.0,1.0,0.0,0.0,0.0,20.0,1248.0,735.0,3.0,5.0,0.0
42,48542.0,47.0,21.0,1.0,1.0,0.0,0.0,10.0,705.0,405.0,3.0,14.0,0.0
43,154335.0,46.0,14.0,1.0,0.0,0.0,0.0,20.0,1217.0,687.0,2.0,35.0,0.0
44,160783.0,46.0,17.0,3.0,0.0,1.0,0.0,4.0,1138.0,632.0,10.0,100.0,63.0
45,6447.0,46.0,22.0,0.0,0.0,1.0,2.0,0.0,2045.0,1333.0,2.0,216.0,148.0
46,91050.0,45.0,19.0,1.0,0.0,0.0,0.0,9.0,709.0,326.0,5.0,36.0,0.0
47,135200.0,44.0,17.0,2.0,0.0,0.0,0.0,0.0,1019.0,572.0,3.0,56.0,19.0
48,14290.0,44.0,18.0,0.0,1.0,0.0,0.0,27.0,812.0,430.0,2.0,21.0,0.0
49,160847.0,43.0,21.0,0.0,1.0,0.0,0.0,4.0,876.0,524.0,1.0,8.0,0.0
50,44030.0,43.0,13.0,2.0,1.0,0.0,0.0,2.0,1478.0,1117.0,1.0,59.0,18.0
51,14848.0,42.0,19.0,0.0,0.0,1.0,0.0,6.0,1229.0,803.0,4.0,7.0,4.0
52,160672.0,41.0,11.0,1.0,0.0,0.0,0.0,4.0,683.0,286.0,0.0,58.0,11.0
53,90860.0,41.0,9.0,0.0,0.0,0.0,0.0,1.0,2224.0,1686.0,4.0,27.0,1.0
54,159627.0,41.0,20.0,0.0,0.0,0.0,0.0,2.0,1138.0,684.0,4.0,92.0,4.0
55,128766.0,41.0,13.0,2.0,0.0,0.0,0.0,0.0,1553.0,815.0,4.0,203.0,49.0
56,52240.0,41.0,14.0,1.0,0.0,1.0,0.0,2.0,1235.0,800.0,3.0,121.0,65.0
57,30533.0,40.0,10.0,0.0,0.0,0.0,1.0,1.0,3247.0,2168.0,5.0,337.0,140.0
58,10314.0,40.0,12.0,0.0,0.0,1.0,0.0,13.0,486.0,251.0,3.0,5.0,0.0
59,53178.0,40.0,8.0,1.0,0.0,0.0,0.0,7.0,1462.0,1080.0,2.0,53.0,3.0
60,133644.0,39.0,18.0,0.0,0.0,0.0,0.0,10.0,800.0,494.0,2.0,7.0,0.0
61,161990.0,39.0,11.0,0.0,0.0,0.0,0.0,9.0,757.0,370.0,0.0,73.0,0.0
62,130310.0,38.0,16.0,0.0,0.0,0.0,0.0,3.0,756.0,438.0,1.0,21.0,0.0
63,128570.0,38.0,16.0,0.0,0.0,0.0,0.0,3.0,1490.0,968.0,3.0,21.0,4.0
64,160156.0,38.0,18.0,1.0,0.0,1.0,0.0,6.0,976.0,569.0,7.0,25.0,0.0
65,130050.0,38.0,9.0,1.0,0.0,0.0,0.0,1.0,2085.0,1583.0,3.0,63.0,42.0
66,115748.0,37.0,14.0,0.0,0.0,0.0,0.0,3.0,1053.0,703.0,2.0,65.0,38.0
67,160846.0,37.0,16.0,2.0,1.0,0.0,0.0,2.0,766.0,331.0,2.0,37.0,0.0
68,12507.0,36.0,18.0,0.0,1.0,2.0,0.0,9.0,813.0,550.0,1.0,6.0,1.0
69,159689.0,35.0,18.0,1.0,0.0,0.0,0.0,14.0,620.0,367.0,0.0,7.0,0.0
70,160587.0,35.0,9.0,1.0,0.0,0.0,0.0,15.0,461.0,223.0,1.0,4.0,0.0
71,19695.0,35.0,11.0,2.0,1.0,0.0,1.0,1.0,1043.0,769.0,3.0,68.0,48.0
72,135191.0,35.0,9.0,1.0,0.0,0.0,0.0,5.0,1374.0,607.0,8.0,156.0,0.0
73,5745.0,34.0,12.0,1.0,0.0,0.0,0.0,3.0,1332.0,1105.0,11.0,29.0,5.0
74,160683.0,34.0,11.0,0.0,0.0,0.0,0.0,0.0,1361.0,994.0,3.0,20.0,2.0
75,93882.0,33.0,10.0,1.0,0.0,0.0,0.0,0.0,650.0,467.0,5.0,9.0,3.0
76,130624.0,33.0,8.0,0.0,0.0,0.0,0.0,2.0,2065.0,1252.0,17.0,152.0,101.0
77,159637.0,33.0,11.0,0.0,0.0,0.0,0.0,7.0,940.0,631.0,4.0,49.0,17.0
78,157053.0,33.0,8.0,1.0,0.0,0.0,0.0,2.0,885.0,591.0,3.0,35.0,0.0
79,23607.0,32.0,16.0,1.0,1.0,0.0,0.0,2.0,1873.0,1211.0,1.0,38.0,0.0
80,161463.0,32.0,13.0,2.0,1.0,0.0,0.0,11.0,576.0,336.0,0.0,18.0,0.0
81,179384.0,32.0,8.0,0.0,0.0,0.0,0.0,0.0,1299.0,855.0,4.0,98.0,48.0
82,160732.0,31.0,8.0,0.0,0.0,0.0,0.0,1.0,1619.0,1058.0,1.0,12.0,0.0
83,30926.0,31.0,11.0,0.0,0.0,0.0,0.0,1.0,1408.0,939.0,3.0,139.0,75.0
84,7018.0,31.0,8.0,1.0,0.0,1.0,0.0,2.0,2019.0,1773.0,7.0,29.0,22.0
85,180060.0,30.0,13.0,2.0,0.0,2.0,0.0,1.0,606.0,425.0,5.0,42.0,31.0
86,31015.0,30.0,13.0,0.0,1.0,0.0,0.0,1.0,1722.0,1365.0,0.0,3.0,0.0
87,32114.0,29.0,14.0,3.0,0.0,0.0,0.0,11.0,472.0,270.0,2.0,4.0,0.0
88,154766.0,29.0,12.0,0.0,0.0,0.0,0.0,10.0,317.0,121.0,1.0,9.0,0.0
89,139564.0,29.0,14.0,1.0,0.0,0.0,0.0,2.0,445.0,316.0,0.0,9.0,1.0
90,143584.0,29.0,10.0,2.0,1.0,0.0,0.0,0.0,1952.0,1456.0,8.0,46.0,17.0
91,43231.0,29.0,10.0,0.0,0.0,0.0,0.0,0.0,1323.0,935.0,2.0,14.0,0.0
92,7748.0,29.0,8.0,0.0,0.0,2.0,1.0,1.0,1683.0,1245.0,3.0,130.0,89.0
93,159713.0,29.0,8.0,2.0,0.0,0.0,0.0,4.0,939.0,605.0,1.0,69.0,11.0
94,13742.0,28.0,9.0,1.0,1.0,0.0,1.0,0.0,2374.0,1986.0,1.0,1.0,0.0
95,161345.0,28.0,8.0,0.0,1.0,0.0,0.0,6.0,2507.0,2111.0,1.0,2.0,0.0
96,135243.0,28.0,10.0,0.0,1.0,0.0,0.0,1.0,1506.0,1226.0,1.0,4.0,0.0
97,93725.0,28.0,8.0,1.0,0.0,0.0,0.0,9.0,501.0,283.0,5.0,34.0,2.0
98,10059.0,27.0,12.0,0.0,0.0,0.0,1.0,1.0,1203.0,770.0,2.0,174.0,64.0
99,48182.0,27.0,9.0,1.0,0.0,0.0,1.0,5.0,1158.0,815.0,5.0,126.0,70.0
100,180025.0,26.0,9.0,0.0,0.0,0.0,1.0,2.0,913.0,674.0,5.0,72.0,47.0
101,135175.0,26.0,2.0,1.0,1.0,0.0,0.0,1.0,1538.0,1189.0,0.0,5.0,0.0
102,51703.0,26.0,8.0,0.0,1.0,0.0,0.0,0.0,2060.0,1631.0,3.0,37.0,0.0
103,92622.0,26.0,12.0,1.0,4.0,0.0,0.0,1.0,3097.0,2772.0,7.0,0.0,0.0
104,47172.0,25.0,7.0,1.0,1.0,0.0,0.0,3.0,1517.0,1166.0,1.0,5.0,0.0
105,6773.0,25.0,9.0,0.0,0.0,0.0,0.0,1.0,759.0,494.0,1.0,48.0,39.0
106,52229.0,25.0,6.0,0.0,0.0,0.0,0.0,3.0,1764.0,1178.0,4.0,34.0,1.0
107,144510.0,25.0,5.0,2.0,0.0,0.0,0.0,3.0,630.0,367.0,0.0,4.0,0.0
108,35018.0,24.0,7.0,1.0,1.0,0.0,0.0,2.0,1090.0,714.0,1.0,51.0,1.0
109,134236.0,24.0,4.0,1.0,0.0,0.0,0.0,3.0,2023.0,1105.0,1.0,229.0,97.0
110,47195.0,24.0,2.0,0.0,0.0,0.0,0.0,1.0,1040.0,640.0,1.0,42.0,22.0
111,160897.0,24.0,9.0,0.0,0.0,0.0,0.0,4.0,276.0,107.0,1.0,10.0,0.0
112,135591.0,24.0,7.0,0.0,0.0,0.0,0.0,0.0,883.0,616.0,1.0,33.0,12.0
113,6280.0,23.0,6.0,0.0,0.0,0.0,0.0,3.0,2754.0,1920.0,0.0,103.0,0.0
114,129750.0,23.0,8.0,0.0,1.0,0.0,0.0,1.0,2460.0,2077.0,1.0,5.0,0.0
115,91606.0,23.0,12.0,0.0,2.0,0.0,0.0,9.0,317.0,183.0,3.0,2.0,0.0
116,134321.0,23.0,4.0,0.0,0.0,0.0,0.0,2.0,1131.0,726.0,1.0,15.0,0.0
117,132927.0,23.0,8.0,1.0,0.0,0.0,0.0,2.0,1301.0,894.0,5.0,34.0,5.0
118,35017.0,22.0,6.0,0.0,0.0,0.0,0.0,4.0,870.0,545.0,1.0,30.0,6.0
119,43135.0,22.0,8.0,1.0,0.0,0.0,1.0,4.0,705.0,474.0,1.0,83.0,40.0
120,18957.0,22.0,10.0,0.0,0.0,0.0,0.0,0.0,464.0,313.0,4.0,20.0,1.0
121,35800.0,22.0,8.0,0.0,1.0,0.0,0.0,2.0,1688.0,1334.0,1.0,7.0,0.0
122,23462.0,22.0,5.0,1.0,0.0,1.0,1.0,2.0,1683.0,1062.0,2.0,80.0,39.0
123,52102.0,21.0,4.0,1.0,0.0,0.0,0.0,2.0,612.0,382.0,0.0,56.0,17.0
124,162020.0,21.0,9.0,2.0,1.0,0.0,0.0,0.0,747.0,483.0,8.0,41.0,1.0
125,160054.0,21.0,5.0,0.0,0.0,0.0,0.0,0.0,2050.0,1699.0,10.0,8.0,0.0
126,26151.0,21.0,7.0,0.0,0.0,0.0,0.0,4.0,963.0,714.0,5.0,43.0,33.0
127,30598.0,21.0,7.0,1.0,0.0,0.0,0.0,0.0,578.0,332.0,0.0,67.0,45.0
128,133641.0,21.0,6.0,0.0,0.0,0.0,1.0,3.0,2127.0,1585.0,4.0,202.0,152.0
129,52974.0,21.0,10.0,1.0,0.0,0.0,0.0,4.0,875.0,505.0,3.0,136.0,73.0
130,6363.0,21.0,4.0,2.0,0.0,0.0,0.0,0.0,1321.0,1077.0,1.0,4.0,1.0
131,131781.0,21.0,10.0,1.0,0.0,0.0,0.0,8.0,443.0,324.0,2.0,14.0,0.0
132,161456.0,20.0,3.0,1.0,0.0,0.0,0.0,7.0,309.0,169.0,2.0,9.0,0.0
133,161350.0,20.0,4.0,0.0,0.0,0.0,0.0,0.0,1218.0,948.0,0.0,0.0,0.0
134,159638.0,20.0,8.0,0.0,0.0,0.0,0.0,3.0,551.0,239.0,1.0,21.0,0.0
135,18721.0,20.0,10.0,0.0,0.0,1.0,0.0,4.0,758.0,402.0,4.0,18.0,1.0
136,58929.0,20.0,5.0,0.0,0.0,0.0,0.0,0.0,522.0,375.0,3.0,6.0,2.0
137,162019.0,20.0,7.0,0.0,1.0,0.0,0.0,1.0,1788.0,1501.0,12.0,4.0,0.0
138,32140.0,20.0,8.0,0.0,0.0,0.0,0.0,1.0,740.0,435.0,1.0,57.0,13.0
139,42220.0,20.0,3.0,1.0,1.0,0.0,0.0,1.0,1791.0,1343.0,2.0,2.0,0.0
140,91041.0,20.0,8.0,1.0,0.0,0.0,0.0,2.0,1858.0,1414.0,1.0,20.0,0.0
141,131752.0,20.0,6.0,0.0,0.0,0.0,0.0,0.0,1061.0,813.0,2.0,12.0,11.0
142,20262.0,19.0,1.0,0.0,0.0,0.0,0.0,0.0,1767.0,1328.0,3.0,17.0,6.0
143,133133.0,19.0,3.0,0.0,0.0,0.0,0.0,1.0,1444.0,1081.0,0.0,2.0,0.0
144,51790.0,19.0,7.0,0.0,0.0,0.0,0.0,5.0,240.0,140.0,0.0,4.0,0.0
145,166468.0,19.0,3.0,0.0,0.0,0.0,0.0,1.0,1022.0,757.0,1.0,0.0,0.0
146,93960.0,19.0,5.0,1.0,0.0,0.0,0.0,7.0,459.0,200.0,0.0,22.0,1.0
147,160158.0,19.0,8.0,0.0,1.0,0.0,0.0,0.0,2550.0,2254.0,2.0,7.0,0.0
148,32103.0,19.0,8.0,0.0,0.0,1.0,0.0,4.0,856.0,544.0,0.0,27.0,18.0
149,133749.0,19.0,6.0,0.0,0.0,0.0,0.0,1.0,929.0,618.0,1.0,10.0,0.0
150,129749.0,18.0,5.0,0.0,0.0,0.0,0.0,0.0,2549.0,1572.0,4.0,60.0,0.0
151,133548.0,18.0,7.0,0.0,0.0,0.0,0.0,2.0,602.0,288.0,1.0,27.0,1.0
152,49709.0,18.0,6.0,0.0,0.0,0.0,0.0,1.0,1322.0,923.0,2.0,6.0,0.0
153,160025.0,18.0,4.0,0.0,0.0,0.0,0.0,0.0,1499.0,1168.0,0.0,8.0,0.0
154,52220.0,18.0,12.0,0.0,0.0,0.0,0.0,0.0,401.0,285.0,3.0,12.0,4.0
155,30667.0,18.0,3.0,0.0,1.0,0.0,0.0,2.0,1150.0,768.0,1.0,38.0,0.0
156,50135.0,18.0,5.0,0.0,1.0,0.0,0.0,2.0,2741.0,2026.0,2.0,157.0,20.0
157,51699.0,18.0,6.0,1.0,0.0,0.0,0.0,0.0,510.0,339.0,4.0,4.0,0.0
158,23389.0,17.0,3.0,0.0,0.0,0.0,0.0,1.0,1712.0,988.0,2.0,106.0,24.0
159,94221.0,17.0,9.0,1.0,0.0,0.0,0.0,7.0,272.0,191.0,0.0,2.0,0.0
160,5990.0,17.0,6.0,3.0,1.0,0.0,0.0,0.0,2093.0,1764.0,7.0,58.0,1.0
161,30960.0,17.0,6.0,0.0,0.0,0.0,0.0,0.0,1399.0,1062.0,0.0,26.0,0.0
162,10292.0,17.0,7.0,1.0,1.0,0.0,0.0,3.0,1674.0,1257.0,0.0,3.0,0.0
163,4029.0,17.0,6.0,0.0,0.0,3.0,0.0,0.0,1577.0,1258.0,3.0,25.0,6.0
164,144579.0,17.0,6.0,0.0,0.0,1.0,0.0,0.0,2233.0,1783.0,1.0,160.0,95.0
165,136255.0,17.0,5.0,0.0,1.0,0.0,0.0,1.0,2522.0,2111.0,0.0,4.0,0.0
166,10205.0,17.0,2.0,0.0,0.0,0.0,0.0,0.0,1789.0,1502.0,2.0,4.0,0.0
167,154336.0,16.0,4.0,0.0,0.0,0.0,0.0,2.0,1695.0,922.0,0.0,50.0,0.0
168,20752.0,16.0,6.0,1.0,0.0,0.0,0.0,0.0,2366.0,1620.0,3.0,103.0,8.0
169,160895.0,16.0,5.0,0.0,0.0,0.0,0.0,4.0,512.0,294.0,0.0,35.0,7.0
170,32098.0,16.0,5.0,0.0,0.0,0.0,0.0,0.0,752.0,620.0,7.0,2.0,1.0
171,47001.0,16.0,4.0,0.0,1.0,0.0,0.0,2.0,2055.0,1252.0,2.0,100.0,0.0
172,18843.0,16.0,3.0,0.0,0.0,0.0,0.0,2.0,1602.0,1132.0,0.0,4.0,0.0
173,154433.0,15.0,2.0,0.0,0.0,0.0,0.0,7.0,137.0,78.0,0.0,0.0,0.0
174,160495.0,15.0,2.0,1.0,0.0,0.0,0.0,1.0,1037.0,636.0,0.0,7.0,0.0
175,44032.0,15.0,4.0,0.0,0.0,0.0,0.0,0.0,444.0,319.0,0.0,20.0,4.0
176,14131.0,15.0,5.0,0.0,0.0,0.0,1.0,2.0,1729.0,1041.0,0.0,110.0,19.0
177,19205.0,15.0,5.0,1.0,1.0,0.0,0.0,1.0,888.0,643.0,2.0,8.0,0.0
178,18566.0,15.0,5.0,0.0,0.0,0.0,0.0,2.0,163.0,79.0,0.0,1.0,0.0
179,23153.0,15.0,6.0,0.0,0.0,0.0,0.0,2.0,380.0,225.0,1.0,22.0,3.0
180,52087.0,15.0,2.0,1.0,0.0,0.0,0.0,1.0,1086.0,687.0,0.0,77.0,8.0
181,43997.0,15.0,5.0,0.0,0.0,0.0,0.0,10.0,265.0,160.0,0.0,3.0,0.0
182,35862.0,15.0,4.0,1.0,0.0,0.0,0.0,2.0,1393.0,1043.0,3.0,21.0,0.0
183,175528.0,15.0,5.0,0.0,2.0,0.0,0.0,2.0,178.0,98.0,0.0,4.0,0.0
184,96594.0,14.0,3.0,0.0,0.0,0.0,0.0,5.0,325.0,196.0,0.0,5.0,0.0
185,160032.0,14.0,5.0,1.0,0.0,0.0,0.0,0.0,978.0,711.0,1.0,4.0,0.0
186,180000.0,14.0,2.0,0.0,0.0,0.0,0.0,0.0,1048.0,745.0,7.0,40.0,28.0
187,30925.0,14.0,3.0,0.0,0.0,0.0,0.0,2.0,1794.0,1329.0,1.0,47.0,0.0
188,42727.0,14.0,8.0,0.0,0.0,0.0,0.0,1.0,439.0,259.0,1.0,7.0,0.0
189,20023.0,14.0,5.0,1.0,1.0,0.0,0.0,7.0,314.0,176.0,0.0,7.0,0.0
190,50015.0,14.0,3.0,0.0,0.0,0.0,0.0,3.0,2060.0,1620.0,0.0,45.0,1.0
191,160892.0,14.0,6.0,0.0,2.0,0.0,0.0,0.0,1893.0,1563.0,1.0,6.0,0.0
192,160845.0,14.0,6.0,0.0,0.0,0.0,0.0,1.0,821.0,429.0,1.0,32.0,1.0
193,34626.0,14.0,3.0,0.0,0.0,0.0,0.0,0.0,1194.0,943.0,1.0,34.0,1.0
194,133868.0,13.0,3.0,0.0,0.0,0.0,0.0,2.0,1892.0,1099.0,0.0,61.0,0.0
195,35149.0,13.0,3.0,0.0,0.0,0.0,0.0,3.0,917.0,603.0,1.0,8.0,0.0
196,162118.0,13.0,5.0,1.0,0.0,0.0,0.0,0.0,692.0,475.0,3.0,5.0,0.0
197,135117.0,13.0,6.0,0.0,0.0,0.0,0.0,1.0,140.0,76.0,0.0,3.0,0.0
198,48260.0,13.0,4.0,1.0,1.0,0.0,0.0,0.0,1312.0,1036.0,2.0,0.0,0.0
199,19592.0,13.0,6.0,0.0,1.0,0.0,0.0,0.0,1499.0,1326.0,0.0,0.0,0.0
200,94140.0,13.0,7.0,1.0,0.0,0.0,0.0,1.0,1042.0,715.0,0.0,54.0,20.0
201,162021.0,13.0,3.0,1.0,0.0,0.0,0.0,1.0,663.0,454.0,2.0,18.0,0.0
202,135169.0,13.0,8.0,1.0,0.0,0.0,0.0,3.0,179.0,82.0,2.0,2.0,0.0
203,20234.0,12.0,3.0,0.0,0.0,0.0,0.0,1.0,2039.0,1706.0,12.0,9.0,0.0
204,53036.0,12.0,4.0,0.0,0.0,0.0,0.0,5.0,1790.0,1034.0,0.0,112.0,0.0
205,135177.0,12.0,2.0,0.0,0.0,0.0,0.0,0.0,1099.0,796.0,0.0,34.0,0.0
206,160781.0,12.0,4.0,0.0,0.0,0.0,0.0,3.0,312.0,201.0,0.0,9.0,2.0
207,129879.0,12.0,6.0,0.0,2.0,0.0,0.0,1.0,1091.0,770.0,0.0,1.0,0.0
208,159741.0,12.0,5.0,2.0,0.0,0.0,0.0,4.0,193.0,112.0,0.0,2.0,0.0
209,135251.0,12.0,5.0,1.0,1.0,0.0,0.0,2.0,1334.0,862.0,0.0,28.0,0.0
210,132771.0,12.0,4.0,0.0,0.0,3.0,0.0,0.0,2183.0,1861.0,16.0,8.0,0.0
211,55835.0,12.0,5.0,2.0,0.0,0.0,0.0,0.0,1595.0,1325.0,1.0,3.0,0.0
212,135976.0,12.0,2.0,0.0,0.0,0.0,0.0,1.0,200.0,102.0,1.0,23.0,1.0
213,6723.0,12.0,2.0,0.0,0.0,0.0,0.0,1.0,2237.0,1960.0,0.0,2.0,0.0
214,166789.0,12.0,5.0,0.0,0.0,0.0,0.0,2.0,309.0,116.0,1.0,22.0,0.0
215,19506.0,12.0,4.0,0.0,0.0,2.0,0.0,1.0,771.0,622.0,2.0,17.0,7.0
216,17894.0,12.0,5.0,0.0,1.0,0.0,0.0,0.0,296.0,156.0,0.0,15.0,0.0
217,180046.0,12.0,4.0,0.0,0.0,0.0,0.0,1.0,248.0,138.0,0.0,15.0,0.0
218,42970.0,12.0,3.0,0.0,0.0,0.0,0.0,1.0,1741.0,1360.0,4.0,115.0,76.0
219,21858.0,12.0,4.0,0.0,0.0,0.0,0.0,0.0,481.0,300.0,2.0,8.0,3.0
220,135589.0,12.0,4.0,0.0,0.0,0.0,0.0,1.0,1777.0,1519.0,0.0,0.0,0.0
221,135245.0,11.0,5.0,0.0,0.0,0.0,0.0,0.0,720.0,467.0,5.0,33.0,6.0
222,53174.0,11.0,5.0,0.0,0.0,0.0,0.0,10.0,1710.0,942.0,0.0,108.0,0.0
223,175596.0,11.0,4.0,0.0,0.0,0.0,0.0,4.0,121.0,59.0,1.0,6.0,0.0
224,131780.0,11.0,5.0,1.0,0.0,0.0,0.0,0.0,1481.0,1152.0,7.0,6.0,1.0
225,144363.0,11.0,5.0,0.0,0.0,0.0,0.0,1.0,1324.0,1022.0,2.0,2.0,0.0
226,93814.0,11.0,4.0,0.0,0.0,0.0,0.0,3.0,254.0,127.0,1.0,2.0,0.0
227,179281.0,11.0,2.0,0.0,1.0,0.0,0.0,4.0,185.0,100.0,0.0,2.0,0.0
228,129759.0,11.0,4.0,0.0,0.0,0.0,0.0,0.0,1551.0,1334.0,3.0,8.0,0.0
229,51690.0,11.0,2.0,0.0,0.0,0.0,0.0,2.0,807.0,615.0,0.0,0.0,0.0
230,90987.0,11.0,2.0,0.0,0.0,0.0,0.0,0.0,1575.0,1330.0,4.0,25.0,6.0
231,26145.0,11.0,3.0,0.0,0.0,0.0,0.0,0.0,1897.0,1582.0,4.0,14.0,0.0
232,180108.0,10.0,5.0,0.0,0.0,0.0,0.0,0.0,972.0,502.0,1.0,57.0,0.0
233,156959.0,10.0,4.0,0.0,0.0,0.0,0.0,0.0,683.0,498.0,1.0,1.0,0.0
234,180212.0,10.0,5.0,2.0,0.0,0.0,0.0,1.0,215.0,95.0,0.0,17.0,4.0
235,135262.0,10.0,0.0,1.0,0.0,0.0,0.0,3.0,2012.0,1339.0,3.0,42.0,0.0
236,160682.0,10.0,3.0,0.0,0.0,0.0,0.0,0.0,1152.0,888.0,4.0,49.0,44.0
237,10046.0,10.0,1.0,1.0,1.0,0.0,0.0,1.0,1492.0,1172.0,0.0,1.0,0.0
238,14287.0,10.0,5.0,0.0,0.0,0.0,0.0,2.0,602.0,405.0,1.0,2.0,0.0
239,7431.0,10.0,2.0,0.0,0.0,0.0,0.0,3.0,610.0,501.0,4.0,22.0,8.0
240,161996.0,10.0,4.0,2.0,0.0,0.0,0.0,3.0,174.0,94.0,2.0,0.0,0.0
241,20341.0,10.0,4.0,0.0,0.0,0.0,0.0,0.0,1045.0,760.0,1.0,1.0,0.0
242,162532.0,10.0,3.0,0.0,2.0,0.0,0.0,0.0,1319.0,1161.0,3.0,5.0,0.0
243,161548.0,10.0,2.0,0.0,0.0,0.0,0.0,2.0,1351.0,812.0,5.0,63.0,1.0
244,13981.0,9.0,2.0,1.0,0.0,0.0,0.0,1.0,492.0,303.0,2.0,52.0,5.0
245,180005.0,9.0,4.0,0.0,0.0,0.0,0.0,0.0,276.0,180.0,2.0,5.0,1.0
246,161549.0,9.0,3.0,0.0,0.0,0.0,0.0,0.0,982.0,725.0,0.0,29.0,0.0
247,175656.0,9.0,4.0,1.0,0.0,0.0,0.0,1.0,452.0,297.0,3.0,42.0,27.0
248,130672.0,9.0,1.0,0.0,0.0,0.0,0.0,2.0,1041.0,585.0,1.0,58.0,8.0
249,161558.0,9.0,2.0,0.0,0.0,0.0,0.0,0.0,816.0,571.0,0.0,25.0,16.0
250,134381.0,9.0,2.0,0.0,0.0,0.0,0.0,2.0,313.0,190.0,0.0,8.0,0.0
251,160096.0,9.0,4.0,0.0,0.0,0.0,0.0,0.0,839.0,601.0,3.0,11.0,6.0
252,160118.0,9.0,3.0,0.0,0.0,0.0,0.0,2.0,323.0,191.0,0.0,20.0,12.0
253,6577.0,9.0,3.0,0.0,0.0,0.0,0.0,6.0,1064.0,836.0,2.0,72.0,57.0
254,133647.0,9.0,3.0,1.0,0.0,0.0,0.0,1.0,1522.0,857.0,1.0,122.0,51.0
255,135654.0,9.0,2.0,1.0,0.0,0.0,0.0,8.0,984.0,588.0,5.0,55.0,3.0
256,14011.0,9.0,4.0,0.0,0.0,0.0,0.0,3.0,1357.0,994.0,1.0,31.0,4.0
257,51519.0,9.0,3.0,0.0,1.0,0.0,0.0,1.0,901.0,671.0,1.0,1.0,0.0
258,132044.0,9.0,4.0,0.0,1.0,0.0,0.0,0.0,799.0,599.0,0.0,1.0,0.0
259,46933.0,9.0,3.0,0.0,0.0,0.0,0.0,1.0,400.0,305.0,2.0,2.0,0.0
260,51275.0,8.0,2.0,0.0,0.0,0.0,0.0,0.0,792.0,418.0,2.0,23.0,0.0
261,42971.0,8.0,1.0,1.0,0.0,0.0,0.0,0.0,203.0,111.0,2.0,12.0,3.0
262,50016.0,8.0,0.0,0.0,0.0,0.0,0.0,0.0,446.0,293.0,0.0,18.0,12.0
263,30669.0,8.0,1.0,0.0,0.0,0.0,0.0,0.0,896.0,670.0,5.0,8.0,2.0
264,160488.0,8.0,1.0,0.0,1.0,0.0,0.0,1.0,835.0,647.0,0.0,2.0,0.0
265,30985.0,8.0,2.0,0.0,0.0,0.0,0.0,0.0,166.0,93.0,0.0,25.0,8.0
266,56726.0,8.0,2.0,0.0,0.0,0.0,0.0,0.0,877.0,658.0,0.0,0.0,0.0
267,129760.0,8.0,5.0,0.0,0.0,0.0,0.0,1.0,500.0,400.0,4.0,3.0,2.0
268,160422.0,8.0,2.0,0.0,0.0,0.0,0.0,0.0,887.0,617.0,0.0,6.0,0.0
269,31757.0,8.0,2.0,0.0,1.0,0.0,0.0,2.0,970.0,737.0,0.0,0.0,0.0
270,130623.0,8.0,0.0,2.0,0.0,0.0,0.0,0.0,702.0,563.0,1.0,5.0,0.0
271,51340.0,8.0,4.0,0.0,0.0,0.0,0.0,2.0,1369.0,843.0,1.0,28.0,0.0
272,128282.0,8.0,1.0,0.0,0.0,0.0,0.0,0.0,1373.0,1022.0,0.0,81.0,0.0
273,160323.0,8.0,4.0,0.0,0.0,0.0,0.0,2.0,1543.0,1195.0,0.0,6.0,0.0
274,135240.0,8.0,3.0,0.0,0.0,0.0,0.0,4.0,1515.0,974.0,1.0,42.0,0.0
275,34877.0,8.0,3.0,0.0,0.0,0.0,0.0,0.0,779.0,656.0,0.0,2.0,0.0
276,160313.0,8.0,2.0,0.0,0.0,0.0,0.0,0.0,953.0,555.0,0.0,30.0,0.0
277,30557.0,8.0,4.0,0.0,0.0,0.0,0.0,0.0,540.0,288.0,0.0,43.0,5.0
278,22162.0,7.0,2.0,0.0,0.0,0.0,0.0,0.0,591.0,457.0,0.0,3.0,0.0
279,114653.0,7.0,2.0,0.0,0.0,0.0,0.0,0.0,1269.0,1091.0,2.0,0.0,0.0
280,14109.0,7.0,1.0,1.0,0.0,0.0,0.0,1.0,949.0,788.0,3.0,3.0,0.0
281,33468.0,7.0,1.0,0.0,0.0,0.0,0.0,0.0,818.0,635.0,0.0,1.0,0.0
282,154432.0,7.0,3.0,0.0,0.0,0.0,0.0,2.0,1384.0,718.0,0.0,87.0,1.0
283,30562.0,7.0,1.0,0.0,0.0,0.0,0.0,0.0,762.0,505.0,0.0,0.0,0.0
284,51329.0,7.0,2.0,1.0,0.0,0.0,0.0,0.0,1031.0,865.0,2.0,3.0,0.0
285,153012.0,7.0,2.0,0.0,0.0,0.0,0.0,1.0,660.0,500.0,0.0,3.0,0.0
286,160773.0,7.0,1.0,0.0,0.0,0.0,0.0,0.0,1078.0,761.0,0.0,4.0,0.0
287,130671.0,7.0,2.0,1.0,0.0,0.0,0.0,1.0,1245.0,1029.0,1.0,1.0,0.0
288,52266.0,7.0,3.0,0.0,0.0,0.0,0.0,1.0,1762.0,1437.0,0.0,2.0,0.0
289,14289.0,7.0,2.0,0.0,0.0,0.0,0.0,1.0,204.0,134.0,2.0,17.0,8.0
290,160029.0,7.0,4.0,0.0,0.0,0.0,0.0,0.0,1400.0,850.0,3.0,74.0,10.0
291,135116.0,7.0,3.0,0.0,0.0,0.0,0.0,1.0,1348.0,1151.0,3.0,4.0,0.0
292,180157.0,6.0,1.0,0.0,0.0,0.0,0.0,0.0,489.0,369.0,0.0,1.0,0.0
293,15123.0,6.0,0.0,0.0,0.0,0.0,0.0,5.0,1840.0,1154.0,0.0,42.0,0.0
294,30517.0,6.0,1.0,0.0,0.0,0.0,0.0,0.0,1786.0,1306.0,0.0,1.0,0.0
295,31074.0,6.0,4.0,0.0,1.0,0.0,0.0,0.0,513.0,322.0,0.0,0.0,0.0
296,94007.0,6.0,3.0,0.0,0.0,0.0,0.0,1.0,1171.0,669.0,0.0,36.0,0.0
297,139561.0,6.0,2.0,0.0,0.0,0.0,0.0,1.0,443.0,271.0,0.0,14.0,0.0
298,20255.0,6.0,3.0,0.0,0.0,0.0,0.0,0.0,757.0,414.0,0.0,71.0,39.0
299,42655.0,6.0,0.0,0.0,0.0,0.0,0.0,0.0,700.0,561.0,1.0,8.0,0.0
300,19041.0,6.0,2.0,1.0,1.0,0.0,0.0,0.0,1266.0,983.0,2.0,3.0,0.0
301,31291.0,6.0,1.0,0.0,0.0,0.0,0.0,1.0,864.0,780.0,0.0,0.0,0.0
302,161377.0,6.0,2.0,0.0,0.0,0.0,0.0,1.0,605.0,405.0,1.0,9.0,1.0
303,46991.0,6.0,1.0,0.0,0.0,0.0,0.0,0.0,824.0,636.0,0.0,0.0,0.0
304,44017.0,5.0,1.0,0.0,0.0,0.0,0.0,4.0,367.0,195.0,1.0,16.0,6.0
305,13589.0,5.0,1.0,0.0,0.0,0.0,0.0,0.0,749.0,481.0,0.0,25.0,0.0
306,50119.0,5.0,1.0,0.0,1.0,0.0,0.0,2.0,639.0,415.0,0.0,47.0,0.0
307,180424.0,5.0,0.0,1.0,0.0,0.0,0.0,0.0,490.0,338.0,0.0,43.0,0.0
308,19444.0,5.0,1.0,0.0,0.0,0.0,0.0,1.0,637.0,461.0,0.0,11.0,0.0
309,180210.0,5.0,4.0,1.0,0.0,0.0,0.0,1.0,34.0,16.0,0.0,0.0,0.0
310,94350.0,5.0,1.0,1.0,0.0,0.0,0.0,1.0,358.0,266.0,1.0,3.0,0.0
311,44159.0,5.0,1.0,0.0,1.0,0.0,0.0,0.0,1984.0,1722.0,2.0,2.0,0.0
312,43047.0,5.0,1.0,0.0,0.0,0.0,0.0,0.0,790.0,680.0,2.0,0.0,0.0
313,31289.0,5.0,2.0,0.0,0.0,0.0,0.0,0.0,803.0,485.0,2.0,25.0,0.0
314,159677.0,5.0,1.0,0.0,0.0,0.0,0.0,0.0,141.0,85.0,2.0,0.0,0.0
315,130554.0,5.0,0.0,0.0,0.0,0.0,0.0,0.0,433.0,210.0,0.0,27.0,0.0
316,180035.0,5.0,2.0,0.0,1.0,0.0,0.0,0.0,259.0,163.0,0.0,1.0,1.0
317,160312.0,5.0,2.0,0.0,0.0,0.0,0.0,1.0,842.0,502.0,1.0,27.0,0.0
318,159994.0,5.0,1.0,0.0,0.0,0.0,0.0,1.0,2331.0,1402.0,2.0,87.0,0.0
319,161550.0,5.0,2.0,0.0,0.0,0.0,0.0,0.0,161.0,86.0,0.0,0.0,0.0
320,161453.0,5.0,3.0,0.0,0.0,0.0,0.0,0.0,346.0,267.0,0.0,0.0,0.0
321,162023.0,4.0,2.0,0.0,0.0,0.0,0.0,0.0,152.0,106.0,0.0,1.0,0.0
322,48228.0,4.0,1.0,0.0,0.0,0.0,0.0,1.0,1258.0,776.0,0.0,52.0,1.0
323,32203.0,4.0,0.0,0.0,0.0,0.0,0.0,0.0,439.0,267.0,0.0,24.0,0.0
324,141189.0,4.0,3.0,0.0,0.0,0.0,0.0,0.0,277.0,197.0,0.0,3.0,0.0
325,154172.0,4.0,0.0,0.0,0.0,0.0,0.0,0.0,81.0,43.0,0.0,14.0,6.0
326,43049.0,4.0,1.0,0.0,1.0,0.0,0.0,0.0,653.0,553.0,0.0,1.0,0.0
327,172388.0,4.0,0.0,0.0,0.0,0.0,0.0,0.0,92.0,60.0,0.0,2.0,0.0
328,140935.0,4.0,0.0,0.0,0.0,0.0,0.0,1.0,990.0,784.0,1.0,4.0,0.0
329,175680.0,4.0,2.0,0.0,0.0,0.0,0.0,0.0,278.0,193.0,1.0,3.0,0.0
330,90688.0,4.0,1.0,0.0,0.0,0.0,0.0,1.0,248.0,121.0,0.0,15.0,0.0
331,132770.0,4.0,1.0,0.0,0.0,0.0,0.0,1.0,124.0,90.0,0.0,5.0,4.0
332,160652.0,4.0,0.0,1.0,0.0,0.0,0.0,0.0,157.0,121.0,0.0,2.0,0.0
333,10050.0,4.0,1.0,0.0,0.0,0.0,0.0,2.0,1298.0,784.0,0.0,23.0,1.0
334,6505.0,4.0,2.0,0.0,1.0,0.0,0.0,0.0,1343.0,1040.0,0.0,19.0,0.0
335,180093.0,3.0,0.0,0.0,0.0,0.0,0.0,0.0,130.0,89.0,0.0,1.0,0.0
336,51513.0,3.0,1.0,0.0,0.0,0.0,0.0,0.0,443.0,359.0,0.0,0.0,0.0
337,160457.0,3.0,0.0,0.0,0.0,0.0,0.0,0.0,953.0,781.0,1.0,8.0,0.0
338,10045.0,3.0,0.0,0.0,0.0,0.0,0.0,0.0,726.0,520.0,0.0,16.0,0.0
339,160103.0,3.0,0.0,0.0,0.0,0.0,0.0,0.0,227.0,133.0,1.0,15.0,7.0
340,163747.0,3.0,2.0,0.0,0.0,0.0,0.0,2.0,27.0,20.0,0.0,0.0,0.0
341,161537.0,3.0,1.0,0.0,0.0,0.0,0.0,0.0,55.0,22.0,0.0,0.0,0.0
342,44026.0,3.0,0.0,0.0,0.0,0.0,0.0,5.0,956.0,661.0,0.0,28.0,0.0
343,161985.0,3.0,0.0,0.0,0.0,0.0,0.0,0.0,334.0,184.0,0.0,13.0,0.0
344,137781.0,3.0,2.0,1.0,0.0,0.0,0.0,0.0,292.0,240.0,1.0,2.0,0.0
345,19415.0,3.0,0.0,0.0,0.0,0.0,0.0,0.0,1157.0,759.0,2.0,18.0,0.0
346,34883.0,3.0,0.0,0.0,0.0,0.0,0.0,1.0,647.0,374.0,0.0,18.0,0.0
347,50336.0,3.0,0.0,0.0,0.0,0.0,0.0,0.0,426.0,273.0,1.0,4.0,0.0
348,134618.0,3.0,1.0,0.0,0.0,0.0,0.0,0.0,344.0,201.0,0.0,2.0,0.0
349,159715.0,3.0,0.0,0.0,0.0,0.0,0.0,0.0,735.0,577.0,2.0,6.0,0.0
350,43133.0,3.0,0.0,0.0,0.0,0.0,0.0,0.0,533.0,350.0,0.0,8.0,0.0
351,90847.0,3.0,2.0,0.0,0.0,0.0,0.0,3.0,490.0,222.0,1.0,11.0,0.0
352,128164.0,3.0,1.0,0.0,0.0,0.0,0.0,0.0,1230.0,716.0,0.0,24.0,0.0
353,180200.0,3.0,2.0,0.0,0.0,0.0,0.0,1.0,68.0,46.0,0.0,0.0,0.0
354,179348.0,3.0,0.0,0.0,0.0,0.0,0.0,0.0,888.0,571.0,0.0,62.0,36.0
355,161559.0,2.0,0.0,0.0,0.0,0.0,0.0,2.0,29.0,15.0,0.0,0.0,0.0
356,180063.0,2.0,1.0,0.0,0.0,0.0,0.0,0.0,267.0,173.0,0.0,12.0,0.0
357,129762.0,2.0,2.0,0.0,0.0,0.0,0.0,1.0,907.0,674.0,0.0,2.0,0.0
358,180050.0,2.0,0.0,0.0,0.0,0.0,0.0,2.0,37.0,23.0,0.0,1.0,0.0
359,15257.0,2.0,1.0,0.0,0.0,0.0,0.0,0.0,1210.0,914.0,1.0,1.0,0.0
360,14111.0,2.0,0.0,0.0,0.0,0.0,0.0,1.0,777.0,535.0,1.0,22.0,0.0
361,175380.0,2.0,0.0,0.0,0.0,0.0,0.0,0.0,238.0,192.0,0.0,1.0,0.0
362,176689.0,2.0,2.0,0.0,0.0,0.0,0.0,0.0,686.0,449.0,0.0,15.0,0.0
363,32012.0,2.0,0.0,0.0,0.0,0.0,0.0,0.0,95.0,76.0,1.0,2.0,0.0
364,135671.0,2.0,0.0,0.0,0.0,0.0,0.0,1.0,87.0,45.0,2.0,1.0,0.0
365,6013.0,2.0,1.0,0.0,0.0,0.0,0.0,0.0,124.0,97.0,0.0,1.0,0.0
366,21247.0,2.0,0.0,0.0,0.0,0.0,0.0,0.0,904.0,570.0,0.0,20.0,0.0
367,41632.0,2.0,0.0,0.0,0.0,0.0,0.0,0.0,139.0,112.0,0.0,0.0,0.0
368,35777.0,2.0,0.0,0.0,0.0,0.0,0.0,0.0,46.0,27.0,0.0,0.0,0.0
369,64876.0,2.0,0.0,0.0,0.0,0.0,0.0,0.0,111.0,82.0,0.0,1.0,0.0
370,179421.0,2.0,1.0,1.0,0.0,0.0,0.0,0.0,156.0,102.0,0.0,12.0,11.0
371,171568.0,2.0,1.0,1.0,0.0,0.0,0.0,0.0,35.0,19.0,0.0,1.0,0.0
372,49710.0,2.0,0.0,0.0,0.0,0.0,0.0,0.0,53.0,42.0,0.0,0.0,0.0
373,163789.0,2.0,0.0,0.0,0.0,0.0,0.0,1.0,103.0,69.0,1.0,4.0,2.0
374,11241.0,2.0,2.0,0.0,0.0,0.0,0.0,0.0,114.0,88.0,0.0,0.0,0.0
375,20253.0,2.0,0.0,0.0,0.0,0.0,0.0,0.0,17.0,11.0,0.0,0.0,0.0
376,180064.0,2.0,0.0,0.0,0.0,0.0,0.0,0.0,1078.0,725.0,1.0,41.0,1.0
377,31063.0,2.0,0.0,0.0,0.0,0.0,0.0,0.0,9.0,7.0,0.0,0.0,0.0
378,93962.0,2.0,1.0,0.0,0.0,0.0,0.0,0.0,36.0,18.0,0.0,0.0,0.0
379,166103.0,2.0,0.0,0.0,0.0,0.0,0.0,0.0,415.0,257.0,0.0,29.0,0.0
380,50563.0,2.0,1.0,0.0,0.0,0.0,0.0,0.0,64.0,40.0,1.0,5.0,1.0
381,163811.0,1.0,1.0,0.0,0.0,0.0,0.0,0.0,36.0,12.0,0.0,0.0,1.0
382,134740.0,1.0,0.0,0.0,0.0,0.0,0.0,0.0,15.0,7.0,0.0,0.0,0.0
383,4600.0,1.0,0.0,0.0,0.0,0.0,0.0,0.0,236.0,124.0,0.0,26.0,10.0
384,180209.0,1.0,0.0,0.0,0.0,0.0,0.0,0.0,317.0,228.0,0.0,4.0,0.0
385,179296.0,1.0,0.0,0.0,0.0,0.0,0.0,0.0,268.0,212.0,0.0,2.0,0.0
386,130553.0,1.0,0.0,1.0,0.0,0.0,0.0,0.0,109.0,65.0,0.0,15.0,7.0
387,179148.0,1.0,0.0,0.0,0.0,0.0,0.0,0.0,60.0,33.0,0.0,6.0,0.0
388,161388.0,1.0,0.0,0.0,0.0,0.0,0.0,0.0,22.0,14.0,0.0,0.0,0.0
389,15279.0,1.0,0.0,0.0,0.0,0.0,0.0,0.0,5.0,3.0,0.0,0.0,0.0
390,129751.0,1.0,0.0,0.0,0.0,0.0,0.0,0.0,83.0,51.0,0.0,3.0,1.0
391,162156.0,1.0,0.0,0.0,0.0,0.0,0.0,0.0,213.0,131.0,0.0,4.0,0.0
392,130759.0,1.0,1.0,0.0,0.0,0.0,0.0,0.0,1219.0,946.0,0.0,0.0,0.0
393,129761.0,1.0,0.0,0.0,0.0,0.0,0.0,0.0,1171.0,691.0,0.0,51.0,0.0
394,134737.0,1.0,0.0,0.0,0.0,0.0,0.0,0.0,109.0,93.0,0.0,1.0,0.0
395,41538.0,1.0,0.0,0.0,0.0,0.0,0.0,0.0,1677.0,1501.0,1.0,8.0,0.0
396,160755.0,1.0,0.0,0.0,0.0,0.0,0.0,0.0,1012.0,784.0,0.0,0.0,0.0
397,175441.0,1.0,1.0,0.0,0.0,0.0,0.0,0.0,27.0,11.0,0.0,2.0,0.0
398,138634.0,1.0,0.0,0.0,0.0,0.0,0.0,0.0,28.0,22.0,0.0,0.0,0.0
399,159737.0,1.0,0.0,0.0,0.0,0.0,0.0,1.0,518.0,353.0,0.0,17.0,0.0
400,94133.0,1.0,1.0,0.0,0.0,0.0,0.0,0.0,849.0,777.0,0.0,0.0,0.0
401,93899.0,1.0,0.0,0.0,0.0,0.0,0.0,0.0,197.0,118.0,0.0,8.0,0.0
402,22919.0,1.0,0.0,0.0,0.0,0.0,0.0,0.0,977.0,551.0,2.0,45.0,0.0
403,50136.0,1.0,0.0,0.0,0.0,0.0,0.0,1.0,651.0,350.0,0.0,37.0,0.0
404,130400.0,1.0,1.0,0.0,0.0,0.0,0.0,0.0,232.0,184.0,0.0,2.0,0.0
405,163201.0,1.0,0.0,0.0,0.0,0.0,0.0,2.0,240.0,177.0,0.0,4.0,0.0
406,180197.0,1.0,0.0,0.0,0.0,0.0,0.0,0.0,8.0,6.0,0.0,0.0,0.0
407,134380.0,1.0,0.0,0.0,0.0,0.0,0.0,3.0,63.0,30.0,0.0,1.0,0.0
408,175534.0,1.0,1.0,0.0,0.0,0.0,0.0,1.0,241.0,106.0,1.0,12.0,0.0
409,163251.0,1.0,0.0,0.0,0.0,0.0,0.0,0.0,1.0,0.0,0.0,0.0,0.0
410,180848.0,1.0,1.0,0.0,0.0,0.0,0.0,0.0,24.0,10.0,0.0,0.0,0.0
411,90117.0,1.0,0.0,0.0,0.0,0.0,0.0,0.0,75.0,46.0,0.0,3.0,0.0
412,162014.0,1.0,0.0,0.0,0.0,0.0,0.0,2.0,242.0,159.0,0.0,13.0,1.0
413,53183.0,1.0,0.0,0.0,0.0,0.0,0.0,0.0,142.0,93.0,0.0,0.0,0.0
414,94486.0,1.0,1.0,0.0,0.0,0.0,0.0,0.0,37.0,17.0,0.0,2.0,0.0
415,14288.0,1.0,0.0,0.0,0.0,0.0,0.0,0.0,156.0,127.0,0.0,3.0,2.0
416,48549.0,1.0,0.0,0.0,0.0,0.0,0.0,1.0,1202.0,620.0,0.0,73.0,0.0
417,184255.0,1.0,1.0,0.0,0.0,0.0,0.0,0.0,3.0,1.0,0.0,0.0,0.0
418,180034.0,1.0,0.0,0.0,0.0,0.0,0.0,2.0,436.0,289.0,0.0,12.0,0.0
419,33511.0,1.0,1.0,0.0,1.0,0.0,0.0,2.0,380.0,217.0,0.0,28.0,0.0
420,160698.0,0.0,0.0,0.0,0.0,0.0,0.0,1.0,133.0,88.0,0.0,3.0,0.0
421,44033.0,0.0,0.0,0.0,0.0,0.0,0.0,0.0,424.0,249.0,0.0,16.0,0.0
422,172658.0,0.0,0.0,0.0,0.0,0.0,0.0,2.0,14.0,8.0,0.0,0.0,0.0
423,31993.0,0.0,0.0,0.0,0.0,0.0,0.0,0.0,1733.0,1516.0,4.0,0.0,0.0
424,133649.0,0.0,0.0,0.0,0.0,0.0,0.0,0.0,1451.0,1099.0,0.0,0.0,0.0
425,46676.0,0.0,0.0,0.0,0.0,0.0,0.0,0.0,1393.0,1015.0,0.0,0.0,0.0
426,46085.0,0.0,0.0,0.0,0.0,0.0,0.0,0.0,1305.0,1006.0,1.0,0.0,0.0
427,30984.0,0.0,0.0,0.0,0.0,0.0,0.0,0.0,1175.0,849.0,0.0,0.0,0.0
428,129845.0,0.0,0.0,0.0,0.0,0.0,0.0,0.0,1168.0,800.0,0.0,0.0,0.0
429,144514.0,0.0,0.0,0.0,0.0,0.0,0.0,0.0,1136.0,793.0,0.0,0.0,0.0
430,129737.0,0.0,0.0,0.0,0.0,0.0,0.0,0.0,1134.0,841.0,0.0,0.0,0.0
431,11230.0,0.0,0.0,0.0,0.0,0.0,0.0,0.0,1128.0,857.0,0.0,0.0,0.0
432,129756.0,0.0,0.0,0.0,0.0,0.0,0.0,0.0,1059.0,757.0,0.0,0.0,0.0
433,135192.0,0.0,0.0,0.0,0.0,0.0,0.0,0.0,1021.0,804.0,0.0,0.0,0.0
434,44029.0,0.0,0.0,0.0,0.0,0.0,0.0,0.0,969.0,716.0,2.0,0.0,0.0
435,6011.0,0.0,0.0,0.0,0.0,0.0,0.0,0.0,897.0,652.0,0.0,0.0,0.0
436,131750.0,0.0,0.0,0.0,0.0,0.0,0.0,0.0,847.0,612.0,0.0,0.0,0.0
437,133131.0,0.0,0.0,0.0,0.0,0.0,0.0,0.0,829.0,643.0,0.0,0.0,0.0
438,160772.0,0.0,0.0,0.0,0.0,0.0,0.0,0.0,734.0,527.0,0.0,0.0,0.0
439,90844.0,0.0,0.0,0.0,0.0,0.0,0.0,0.0,697.0,529.0,0.0,0.0,0.0
440,52304.0,0.0,0.0,0.0,0.0,0.0,0.0,0.0,603.0,456.0,0.0,0.0,0.0
441,129917.0,0.0,0.0,0.0,0.0,0.0,0.0,0.0,596.0,423.0,0.0,0.0,0.0
442,25178.0,0.0,0.0,0.0,0.0,0.0,0.0,0.0,502.0,340.0,0.0,0.0,0.0
443,141016.0,0.0,0.0,0.0,0.0,0.0,0.0,0.0,421.0,381.0,0.0,0.0,0.0
444,53278.0,0.0,0.0,0.0,0.0,0.0,0.0,0.0,387.0,320.0,0.0,0.0,0.0
445,161346.0,0.0,0.0,0.0,0.0,0.0,0.0,0.0,354.0,260.0,0.0,0.0,0.0
446,161449.0,0.0,0.0,0.0,0.0,0.0,0.0,0.0,299.0,231.0,0.0,0.0,0.0
447,179279.0,0.0,0.0,0.0,0.0,0.0,0.0,0.0,282.0,203.0,0.0,0.0,0.0
448,179282.0,0.0,0.0,0.0,0.0,0.0,0.0,0.0,264.0,186.0,0.0,3.0,0.0
449,175685.0,0.0,0.0,0.0,0.0,0.0,0.0,0.0,242.0,170.0,0.0,0.0,0.0
450,31013.0,0.0,0.0,0.0,0.0,0.0,0.0,0.0,240.0,192.0,0.0,0.0,0.0
451,135178.0,0.0,0.0,0.0,0.0,0.0,0.0,0.0,204.0,152.0,0.0,0.0,0.0
452,93957.0,0.0,0.0,0.0,0.0,0.0,0.0,0.0,182.0,136.0,0.0,1.0,0.0
453,32539.0,0.0,0.0,0.0,0.0,0.0,0.0,0.0,149.0,119.0,0.0,0.0,0.0
454,160081.0,0.0,0.0,0.0,0.0,0.0,0.0,0.0,143.0,111.0,0.0,0.0,0.0
455,179415.0,0.0,0.0,0.0,0.0,0.0,0.0,0.0,143.0,118.0,0.0,1.0,0.0
456,47176.0,0.0,0.0,0.0,0.0,0.0,0.0,0.0,138.0,112.0,0.0,0.0,0.0
457,21222.0,0.0,0.0,0.0,0.0,0.0,0.0,0.0,127.0,97.0,0.0,0.0,0.0
458,144289.0,0.0,0.0,0.0,0.0,0.0,0.0,0.0,121.0,101.0,0.0,0.0,0.0
459,180764.0,0.0,0.0,0.0,0.0,0.0,0.0,0.0,114.0,100.0,0.0,0.0,0.0
460,131690.0,0.0,0.0,0.0,0.0,0.0,0.0,0.0,112.0,71.0,0.0,0.0,0.0
461,160166.0,0.0,0.0,0.0,0.0,0.0,0.0,0.0,110.0,69.0,0.0,1.0,0.0
462,153068.0,0.0,0.0,0.0,0.0,0.0,0.0,0.0,99.0,76.0,0.0,0.0,0.0
463,160893.0,0.0,0.0,0.0,0.0,0.0,0.0,0.0,94.0,70.0,0.0,0.0,0.0
464,180207.0,0.0,0.0,0.0,0.0,0.0,0.0,0.0,91.0,37.0,0.0,6.0,0.0
465,53032.0,0.0,0.0,0.0,0.0,0.0,0.0,0.0,86.0,56.0,0.0,0.0,0.0
466,180889.0,0.0,0.0,0.0,0.0,0.0,0.0,0.0,86.0,66.0,0.0,5.0,3.0
467,159635.0,0.0,0.0,0.0,0.0,0.0,0.0,0.0,76.0,51.0,0.0,2.0,0.0
468,179147.0,0.0,0.0,0.0,0.0,0.0,0.0,0.0,67.0,29.0,0.0,4.0,0.0
469,159287.0,0.0,0.0,0.0,0.0,0.0,0.0,0.0,66.0,59.0,0.0,0.0,0.0
470,10048.0,0.0,0.0,0.0,0.0,0.0,0.0,0.0,62.0,37.0,0.0,5.0,0.0
471,31037.0,0.0,0.0,0.0,0.0,0.0,0.0,0.0,61.0,40.0,0.0,0.0,0.0
472,32165.0,0.0,0.0,0.0,0.0,0.0,0.0,0.0,56.0,44.0,0.0,0.0,0.0
473,43062.0,0.0,0.0,0.0,0.0,0.0,0.0,0.0,55.0,41.0,0.0,0.0,0.0
474,132466.0,0.0,0.0,0.0,0.0,0.0,0.0,0.0,51.0,36.0,0.0,0.0,0.0
475,175545.0,0.0,0.0,0.0,0.0,0.0,0.0,0.0,50.0,35.0,0.0,1.0,0.0
476,180097.0,0.0,0.0,0.0,0.0,0.0,0.0,0.0,46.0,27.0,0.0,6.0,0.0
477,133675.0,0.0,0.0,0.0,0.0,0.0,0.0,0.0,35.0,29.0,0.0,0.0,0.0
478,136298.0,0.0,0.0,0.0,0.0,0.0,0.0,0.0,33.0,25.0,0.0,0.0,0.0
479,30959.0,0.0,0.0,0.0,0.0,0.0,0.0,0.0,32.0,17.0,0.0,3.0,1.0
480,172462.0,0.0,0.0,0.0,0.0,0.0,0.0,0.0,24.0,10.0,0.0,1.0,0.0
481,30554.0,0.0,0.0,0.0,0.0,0.0,0.0,0.0,22.0,19.0,0.0,0.0,0.0
482,159974.0,0.0,0.0,0.0,0.0,0.0,0.0,0.0,19.0,3.0,0.0,1.0,0.0
483,160738.0,0.0,0.0,0.0,0.0,0.0,0.0,0.0,17.0,11.0,0.0,3.0,3.0
484,161386.0,0.0,0.0,0.0,0.0,0.0,0.0,0.0,16.0,14.0,0.0,0.0,0.0
485,161384.0,0.0,0.0,0.0,0.0,0.0,0.0,0.0,16.0,13.0,1.0,0.0,0.0
486,172469.0,0.0,0.0,0.0,0.0,0.0,0.0,0.0,15.0,9.0,0.0,0.0,0.0
487,138686.0,0.0,0.0,0.0,0.0,0.0,0.0,0.0,14.0,7.0,0.0,2.0,0.0
488,180123.0,0.0,0.0,0.0,0.0,0.0,0.0,0.0,14.0,11.0,0.0,0.0,0.0
489,160300.0,0.0,0.0,0.0,0.0,0.0,0.0,0.0,12.0,8.0,0.0,0.0,0.0
490,19667.0,0.0,0.0,0.0,0.0,0.0,0.0,0.0,10.0,4.0,0.0,0.0,0.0
491,180206.0,0.0,0.0,0.0,0.0,0.0,0.0,0.0,9.0,6.0,0.0,0.0,0.0
492,172390.0,0.0,0.0,0.0,0.0,0.0,0.0,0.0,8.0,6.0,0.0,0.0,0.0
493,161396.0,0.0,0.0,0.0,0.0,0.0,0.0,0.0,6.0,4.0,0.0,0.0,0.0
494,179298.0,0.0,0.0,0.0,0.0,0.0,0.0,0.0,5.0,5.0,0.0,0.0,0.0
495,160579.0,0.0,0.0,0.0,0.0,0.0,0.0,0.0,5.0,4.0,0.0,0.0,0.0
496,181972.0,0.0,0.0,0.0,0.0,0.0,0.0,0.0,4.0,1.0,0.0,0.0,0.0
497,106138.0,0.0,0.0,0.0,0.0,0.0,0.0,0.0,3.0,3.0,0.0,0.0,0.0
498,19884.0,0.0,0.0,0.0,0.0,0.0,0.0,0.0,2.0,1.0,0.0,0.0,0.0
499,135709.0,0.0,0.0,0.0,0.0,0.0,0.0,0.0,2.0,2.0,0.0,0.0,0.0
