index,playerId,outfielderBlock,interception,totalTackle,lastManTackle,totalClearance,headClearance,aerialWon,own_Goals,errorLeadToGoal,penaltyConceded,fouls,aerialLost
0,160323.0,45.0,27.0,13.0,0.0,151.0,68.0,55.0,0.0,2.0,1.0,18.0,35.0
1,18843.0,39.0,56.0,56.0,1.0,166.0,89.0,162.0,0.0,0.0,0.0,45.0,54.0
2,10292.0,31.0,42.0,41.0,0.0,160.0,80.0,131.0,0.0,2.0,3.0,25.0,90.0
3,55835.0,30.0,19.0,20.0,0.0,109.0,55.0,44.0,0.0,0.0,1.0,9.0,29.0
4,162019.0,29.0,26.0,25.0,0.0,106.0,63.0,42.0,0.0,2.0,4.0,24.0,35.0
5,20234.0,28.0,26.0,33.0,0.0,140.0,63.0,59.0,1.0,0.0,0.0,16.0,64.0
6,133868.0,25.0,26.0,42.0,0.0,55.0,19.0,16.0,0.0,0.0,0.0,26.0,40.0
7,160032.0,25.0,26.0,19.0,0.0,94.0,58.0,69.0,0.0,0.0,0.0,23.0,33.0
8,161350.0,24.0,17.0,14.0,0.0,110.0,56.0,82.0,0.0,0.0,0.0,14.0,50.0
9,133133.0,24.0,47.0,39.0,1.0,139.0,63.0,107.0,0.0,1.0,1.0,30.0,66.0
10,130671.0,24.0,17.0,25.0,0.0,67.0,39.0,59.0,0.0,1.0,0.0,19.0,28.0
11,13742.0,23.0,48.0,34.0,1.0,96.0,42.0,83.0,0.0,0.0,0.0,16.0,48.0
12,47172.0,22.0,33.0,31.0,0.0,133.0,72.0,59.0,0.0,0.0,0.0,9.0,56.0
13,20341.0,22.0,24.0,33.0,0.0,108.0,53.0,74.0,1.0,0.0,1.0,14.0,48.0
14,30517.0,21.0,64.0,58.0,1.0,170.0,79.0,111.0,1.0,3.0,1.0,30.0,42.0
15,10046.0,21.0,41.0,19.0,1.0,141.0,70.0,100.0,0.0,0.0,2.0,15.0,56.0
16,129879.0,20.0,40.0,25.0,1.0,136.0,67.0,67.0,0.0,1.0,3.0,25.0,26.0
17,52266.0,20.0,32.0,42.0,3.0,112.0,49.0,50.0,0.0,0.0,0.0,24.0,41.0
18,135251.0,19.0,20.0,39.0,0.0,153.0,87.0,49.0,0.0,0.0,0.0,14.0,40.0
19,160422.0,19.0,20.0,16.0,0.0,49.0,19.0,40.0,0.0,1.0,0.0,12.0,35.0
20,136255.0,19.0,40.0,56.0,0.0,138.0,65.0,100.0,0.0,0.0,2.0,26.0,58.0
21,56726.0,18.0,31.0,24.0,0.0,76.0,44.0,44.0,1.0,0.0,0.0,12.0,18.0
22,31757.0,18.0,26.0,12.0,0.0,106.0,62.0,62.0,0.0,0.0,0.0,20.0,41.0
23,6280.0,17.0,56.0,72.0,0.0,65.0,31.0,82.0,0.0,0.0,0.0,34.0,53.0
24,160488.0,17.0,28.0,11.0,0.0,85.0,42.0,55.0,0.0,1.0,2.0,5.0,27.0
25,166468.0,17.0,16.0,19.0,0.0,82.0,45.0,99.0,0.0,1.0,0.0,24.0,32.0
26,48260.0,17.0,34.0,28.0,0.0,110.0,65.0,106.0,0.0,0.0,1.0,14.0,80.0
27,161345.0,17.0,61.0,34.0,0.0,142.0,86.0,153.0,0.0,0.0,0.0,30.0,59.0
28,160892.0,17.0,38.0,24.0,0.0,81.0,35.0,87.0,1.0,1.0,2.0,8.0,55.0
29,15257.0,16.0,25.0,41.0,0.0,133.0,62.0,67.0,0.0,0.0,0.0,13.0,53.0
30,129750.0,16.0,42.0,41.0,0.0,150.0,72.0,98.0,0.0,0.0,0.0,19.0,58.0
31,6723.0,16.0,22.0,44.0,0.0,76.0,46.0,61.0,1.0,0.0,1.0,24.0,41.0
32,52229.0,16.0,55.0,74.0,0.0,45.0,17.0,42.0,0.0,0.0,0.0,46.0,65.0
33,30925.0,16.0,36.0,23.0,1.0,127.0,64.0,114.0,0.0,1.0,0.0,19.0,62.0
34,133749.0,16.0,37.0,36.0,0.0,67.0,28.0,28.0,0.0,1.0,0.0,23.0,28.0
35,19041.0,16.0,26.0,37.0,0.0,89.0,41.0,39.0,0.0,1.0,1.0,12.0,54.0
36,160732.0,15.0,59.0,66.0,0.0,90.0,51.0,96.0,0.0,1.0,0.0,36.0,69.0
37,135262.0,15.0,37.0,59.0,0.0,89.0,54.0,115.0,0.0,0.0,0.0,27.0,39.0
38,44159.0,15.0,19.0,24.0,0.0,103.0,49.0,79.0,1.0,0.0,0.0,17.0,47.0
39,35800.0,15.0,41.0,47.0,0.0,108.0,59.0,103.0,0.0,0.0,0.0,37.0,52.0
40,160683.0,15.0,21.0,35.0,0.0,37.0,14.0,26.0,0.0,1.0,1.0,38.0,33.0
41,51519.0,15.0,21.0,29.0,0.0,99.0,42.0,60.0,0.0,0.0,0.0,14.0,32.0
42,31074.0,14.0,11.0,20.0,0.0,79.0,39.0,29.0,0.0,0.0,0.0,9.0,38.0
43,30562.0,14.0,33.0,31.0,0.0,103.0,49.0,52.0,0.0,0.0,0.0,16.0,42.0
44,144363.0,13.0,33.0,43.0,0.0,93.0,39.0,43.0,0.0,0.0,0.0,16.0,36.0
45,31993.0,12.0,21.0,34.0,3.0,100.0,55.0,28.0,0.0,2.0,1.0,11.0,20.0
46,49709.0,12.0,28.0,35.0,0.0,45.0,24.0,56.0,0.0,0.0,0.0,33.0,69.0
47,10045.0,12.0,20.0,13.0,0.0,66.0,40.0,48.0,0.0,0.0,0.0,7.0,32.0
48,11653.0,12.0,15.0,26.0,0.0,8.0,3.0,20.0,0.0,1.0,0.0,26.0,24.0
49,135243.0,12.0,25.0,37.0,0.0,90.0,53.0,105.0,1.0,0.0,0.0,19.0,66.0
50,144579.0,12.0,42.0,60.0,0.0,37.0,18.0,40.0,0.0,0.0,0.0,28.0,27.0
51,92622.0,12.0,35.0,22.0,2.0,140.0,68.0,157.0,0.0,0.0,0.0,12.0,50.0
52,159994.0,12.0,55.0,108.0,0.0,52.0,21.0,18.0,0.0,0.0,1.0,15.0,32.0
53,6447.0,12.0,48.0,77.0,0.0,58.0,28.0,68.0,0.0,0.0,0.0,45.0,51.0
54,26145.0,12.0,16.0,39.0,0.0,42.0,26.0,34.0,0.0,0.0,1.0,49.0,45.0
55,46991.0,12.0,17.0,29.0,1.0,78.0,46.0,25.0,0.0,0.0,2.0,8.0,20.0
56,160025.0,11.0,35.0,59.0,1.0,57.0,40.0,84.0,1.0,1.0,1.0,24.0,70.0
57,135175.0,11.0,47.0,39.0,0.0,35.0,23.0,46.0,0.0,0.0,0.0,33.0,45.0
58,130672.0,11.0,24.0,37.0,0.0,54.0,28.0,62.0,0.0,0.0,1.0,20.0,26.0
59,153012.0,11.0,17.0,20.0,1.0,62.0,35.0,33.0,0.0,1.0,0.0,11.0,23.0
60,160773.0,11.0,39.0,55.0,0.0,31.0,7.0,23.0,0.0,1.0,0.0,23.0,27.0
61,133641.0,11.0,42.0,85.0,0.0,14.0,5.0,17.0,0.0,0.0,0.0,36.0,21.0
62,135589.0,11.0,42.0,21.0,3.0,88.0,48.0,87.0,1.0,0.0,1.0,26.0,30.0
63,15123.0,10.0,66.0,72.0,0.0,141.0,88.0,101.0,0.0,1.0,1.0,23.0,56.0
64,129761.0,10.0,18.0,68.0,0.0,52.0,25.0,32.0,0.0,0.0,0.0,21.0,29.0
65,154432.0,10.0,45.0,71.0,0.0,59.0,26.0,44.0,0.0,0.0,0.0,35.0,64.0
66,21247.0,10.0,16.0,23.0,0.0,74.0,33.0,33.0,0.0,1.0,0.0,8.0,25.0
67,140935.0,10.0,24.0,48.0,0.0,21.0,8.0,33.0,0.0,0.0,0.0,26.0,28.0
68,160312.0,10.0,14.0,18.0,0.0,50.0,32.0,20.0,0.0,0.0,0.0,9.0,14.0
69,6505.0,10.0,31.0,39.0,0.0,55.0,27.0,50.0,0.0,0.0,1.0,6.0,22.0
70,42970.0,10.0,23.0,41.0,0.0,22.0,6.0,15.0,0.0,0.0,0.0,31.0,23.0
71,30533.0,9.0,41.0,52.0,1.0,62.0,26.0,16.0,0.0,1.0,0.0,20.0,27.0
72,23389.0,9.0,30.0,43.0,0.0,22.0,7.0,51.0,0.0,0.0,0.0,24.0,51.0
73,129762.0,9.0,29.0,40.0,0.0,83.0,51.0,63.0,0.0,0.0,0.0,21.0,23.0
74,20262.0,9.0,65.0,72.0,0.0,52.0,29.0,47.0,0.0,0.0,0.0,52.0,19.0
75,154336.0,9.0,51.0,86.0,0.0,28.0,12.0,35.0,0.0,1.0,0.0,31.0,41.0
76,14131.0,9.0,27.0,37.0,0.0,54.0,29.0,35.0,0.0,0.0,0.0,15.0,33.0
77,14109.0,9.0,17.0,21.0,1.0,53.0,31.0,62.0,0.0,0.0,1.0,18.0,39.0
78,176689.0,9.0,23.0,27.0,0.0,61.0,31.0,28.0,1.0,0.0,0.0,4.0,32.0
79,14287.0,9.0,13.0,23.0,0.0,20.0,8.0,17.0,0.0,0.0,0.0,15.0,22.0
80,51340.0,9.0,19.0,41.0,0.0,47.0,19.0,7.0,0.0,0.0,0.0,10.0,16.0
81,6363.0,9.0,36.0,17.0,0.0,53.0,23.0,31.0,0.0,0.0,0.0,18.0,21.0
82,180209.0,8.0,9.0,4.0,0.0,28.0,14.0,20.0,0.0,0.0,0.0,4.0,13.0
83,160495.0,8.0,26.0,40.0,0.0,61.0,33.0,43.0,0.0,0.0,0.0,16.0,39.0
84,35017.0,8.0,20.0,18.0,0.0,15.0,7.0,26.0,0.0,0.0,0.0,17.0,17.0
85,134321.0,8.0,35.0,61.0,0.0,44.0,26.0,83.0,0.0,0.0,0.0,26.0,66.0
86,91041.0,8.0,65.0,99.0,0.0,46.0,23.0,46.0,0.0,0.0,1.0,33.0,32.0
87,130050.0,8.0,37.0,57.0,0.0,26.0,7.0,9.0,0.0,0.0,0.0,41.0,18.0
88,180064.0,8.0,13.0,32.0,0.0,40.0,19.0,19.0,0.0,2.0,0.0,21.0,15.0
89,162532.0,8.0,10.0,21.0,0.0,50.0,28.0,45.0,1.0,0.0,0.0,15.0,33.0
90,10205.0,8.0,47.0,65.0,1.0,33.0,22.0,16.0,0.0,0.0,0.0,38.0,19.0
91,47001.0,8.0,33.0,70.0,0.0,49.0,19.0,26.0,0.0,2.0,0.0,35.0,24.0
92,160029.0,8.0,51.0,41.0,0.0,63.0,27.0,35.0,0.0,0.0,0.0,23.0,35.0
93,135177.0,7.0,16.0,26.0,0.0,41.0,25.0,37.0,0.0,0.0,1.0,18.0,31.0
94,114653.0,7.0,23.0,37.0,0.0,52.0,31.0,62.0,0.0,0.0,0.0,14.0,43.0
95,131780.0,7.0,29.0,31.0,0.0,34.0,16.0,13.0,0.0,0.0,0.0,17.0,16.0
96,143584.0,7.0,34.0,39.0,0.0,59.0,44.0,85.0,0.0,0.0,1.0,23.0,84.0
97,19592.0,7.0,19.0,27.0,0.0,65.0,30.0,52.0,0.0,1.0,0.0,19.0,31.0
98,50135.0,7.0,35.0,48.0,0.0,47.0,19.0,28.0,0.0,0.0,0.0,17.0,31.0
99,135116.0,7.0,22.0,29.0,1.0,42.0,19.0,34.0,0.0,0.0,0.0,7.0,28.0
100,131752.0,7.0,30.0,29.0,0.0,21.0,9.0,10.0,0.0,0.0,0.0,18.0,19.0
101,23462.0,7.0,39.0,37.0,0.0,41.0,22.0,15.0,1.0,0.0,0.0,6.0,11.0
102,90987.0,7.0,24.0,31.0,1.0,19.0,5.0,11.0,0.0,0.0,0.0,16.0,8.0
103,53036.0,6.0,40.0,79.0,0.0,64.0,38.0,53.0,1.0,0.0,2.0,32.0,54.0
104,129749.0,6.0,49.0,119.0,3.0,74.0,38.0,42.0,0.0,0.0,1.0,45.0,48.0
105,51275.0,6.0,16.0,41.0,0.0,45.0,24.0,28.0,0.0,0.0,0.0,30.0,14.0
106,20752.0,6.0,28.0,42.0,0.0,52.0,26.0,56.0,0.0,0.0,0.0,28.0,38.0
107,22162.0,6.0,23.0,17.0,0.0,11.0,4.0,11.0,0.0,0.0,0.0,11.0,9.0
108,94007.0,6.0,21.0,34.0,0.0,27.0,17.0,25.0,0.0,1.0,0.0,15.0,17.0
109,51513.0,6.0,7.0,4.0,0.0,45.0,22.0,22.0,0.0,0.0,0.0,3.0,23.0
110,14111.0,6.0,13.0,18.0,0.0,24.0,14.0,30.0,0.0,0.0,0.0,15.0,13.0
111,134236.0,6.0,33.0,64.0,0.0,72.0,33.0,81.0,1.0,0.0,0.0,31.0,38.0
112,33468.0,6.0,21.0,18.0,1.0,69.0,47.0,68.0,0.0,0.0,0.0,14.0,24.0
113,41538.0,6.0,29.0,18.0,0.0,46.0,20.0,54.0,0.0,0.0,1.0,15.0,31.0
114,30667.0,6.0,38.0,51.0,0.0,33.0,12.0,47.0,0.0,0.0,0.0,24.0,33.0
115,47195.0,6.0,28.0,58.0,0.0,20.0,10.0,20.0,0.0,0.0,1.0,41.0,25.0
116,52087.0,6.0,15.0,23.0,0.0,15.0,8.0,21.0,0.0,0.0,0.0,16.0,29.0
117,43047.0,6.0,10.0,13.0,2.0,41.0,18.0,49.0,0.0,0.0,0.0,4.0,27.0
118,22919.0,6.0,27.0,41.0,0.0,52.0,30.0,22.0,0.0,1.0,1.0,14.0,14.0
119,42220.0,6.0,68.0,98.0,0.0,57.0,21.0,71.0,0.0,1.0,2.0,42.0,64.0
120,133647.0,6.0,66.0,39.0,0.0,46.0,22.0,23.0,0.0,0.0,0.0,12.0,25.0
121,95187.0,6.0,5.0,25.0,0.0,6.0,3.0,62.0,0.0,0.0,0.0,19.0,113.0
122,14011.0,6.0,21.0,30.0,0.0,50.0,29.0,27.0,0.0,0.0,0.0,22.0,19.0
123,134618.0,6.0,11.0,17.0,0.0,29.0,21.0,18.0,0.0,1.0,0.0,8.0,11.0
124,48549.0,6.0,27.0,34.0,0.0,48.0,29.0,43.0,0.0,1.0,0.0,15.0,25.0
125,132044.0,6.0,20.0,15.0,0.0,74.0,38.0,52.0,0.0,0.0,0.0,6.0,21.0
126,180157.0,5.0,16.0,18.0,0.0,55.0,31.0,16.0,0.0,0.0,1.0,8.0,13.0
127,160671.0,5.0,10.0,27.0,0.0,28.0,17.0,163.0,0.0,0.0,0.0,28.0,220.0
128,156959.0,5.0,26.0,17.0,0.0,71.0,43.0,54.0,0.0,2.0,0.0,6.0,37.0
129,130624.0,5.0,21.0,73.0,0.0,20.0,8.0,27.0,0.0,2.0,0.0,30.0,42.0
130,30669.0,5.0,17.0,25.0,0.0,15.0,8.0,11.0,0.0,0.0,0.0,19.0,12.0
131,49704.0,5.0,46.0,49.0,0.0,26.0,11.0,25.0,0.0,0.0,0.0,27.0,24.0
132,106028.0,5.0,26.0,54.0,0.0,26.0,9.0,45.0,1.0,0.0,1.0,43.0,51.0
133,50119.0,5.0,11.0,15.0,0.0,19.0,9.0,22.0,0.0,0.0,0.0,8.0,14.0
134,132771.0,5.0,57.0,58.0,1.0,24.0,7.0,12.0,0.0,0.0,1.0,25.0,31.0
135,160522.0,5.0,8.0,18.0,0.0,22.0,19.0,206.0,0.0,0.0,0.0,42.0,199.0
136,160158.0,5.0,23.0,43.0,0.0,28.0,17.0,52.0,0.0,0.0,0.0,39.0,28.0
137,30960.0,5.0,42.0,43.0,0.0,28.0,9.0,18.0,0.0,2.0,0.0,45.0,31.0
138,94133.0,5.0,16.0,9.0,0.0,17.0,6.0,18.0,0.0,0.0,0.0,6.0,9.0
139,135591.0,5.0,19.0,31.0,0.0,19.0,7.0,17.0,0.0,1.0,0.0,15.0,21.0
140,34883.0,5.0,11.0,15.0,0.0,65.0,34.0,37.0,1.0,0.0,0.0,16.0,25.0
141,31289.0,5.0,14.0,39.0,0.0,22.0,10.0,12.0,0.0,0.0,0.0,10.0,14.0
142,51329.0,5.0,15.0,27.0,1.0,18.0,12.0,22.0,0.0,0.0,0.0,15.0,14.0
143,161558.0,5.0,20.0,64.0,0.0,10.0,1.0,13.0,0.0,0.0,0.0,22.0,18.0
144,128766.0,5.0,26.0,43.0,0.0,19.0,6.0,22.0,0.0,0.0,0.0,27.0,35.0
145,43231.0,5.0,28.0,42.0,0.0,32.0,20.0,43.0,0.0,1.0,0.0,33.0,31.0
146,7748.0,5.0,39.0,52.0,0.0,33.0,12.0,30.0,0.0,0.0,1.0,41.0,23.0
147,135240.0,5.0,23.0,54.0,1.0,30.0,14.0,20.0,0.0,0.0,0.0,25.0,17.0
148,179384.0,5.0,19.0,35.0,0.0,21.0,9.0,13.0,0.0,0.0,0.0,10.0,22.0
149,4029.0,5.0,19.0,48.0,0.0,10.0,8.0,14.0,0.0,0.0,0.0,27.0,10.0
150,51703.0,5.0,32.0,59.0,0.0,29.0,13.0,23.0,0.0,1.0,0.0,29.0,22.0
151,19695.0,5.0,20.0,24.0,0.0,29.0,15.0,11.0,0.0,0.0,0.0,14.0,11.0
152,10050.0,5.0,22.0,45.0,0.0,44.0,17.0,32.0,0.0,0.0,1.0,24.0,27.0
153,43133.0,5.0,11.0,12.0,0.0,21.0,8.0,8.0,0.0,0.0,0.0,6.0,13.0
154,51690.0,5.0,16.0,39.0,0.0,32.0,14.0,24.0,0.0,0.0,0.0,26.0,15.0
155,128164.0,5.0,37.0,50.0,0.0,65.0,38.0,33.0,0.0,1.0,0.0,16.0,24.0
156,160845.0,5.0,17.0,37.0,0.0,38.0,22.0,22.0,0.0,0.0,0.0,10.0,16.0
157,33511.0,5.0,8.0,17.0,0.0,15.0,6.0,7.0,0.0,0.0,0.0,8.0,11.0
158,180108.0,4.0,20.0,48.0,0.0,44.0,17.0,18.0,0.0,0.0,0.0,10.0,26.0
159,13589.0,4.0,18.0,17.0,0.0,21.0,8.0,9.0,0.0,0.0,0.0,12.0,14.0
160,50016.0,4.0,14.0,23.0,0.0,16.0,8.0,13.0,0.0,0.0,0.0,5.0,10.0
161,133646.0,4.0,11.0,63.0,0.0,34.0,25.0,67.0,0.0,0.0,0.0,32.0,110.0
162,19595.0,4.0,16.0,37.0,0.0,21.0,13.0,11.0,0.0,0.0,0.0,24.0,16.0
163,23607.0,4.0,36.0,44.0,1.0,37.0,22.0,110.0,0.0,0.0,0.0,23.0,78.0
164,7018.0,4.0,31.0,22.0,0.0,9.0,4.0,10.0,0.0,0.0,1.0,14.0,15.0
165,20255.0,4.0,3.0,26.0,0.0,29.0,19.0,36.0,0.0,0.0,1.0,18.0,21.0
166,90860.0,4.0,45.0,77.0,1.0,48.0,23.0,54.0,0.0,0.0,1.0,46.0,42.0
167,161464.0,4.0,8.0,38.0,1.0,12.0,7.0,39.0,0.0,1.0,0.0,30.0,97.0
168,160166.0,4.0,3.0,4.0,0.0,17.0,8.0,12.0,0.0,0.0,0.0,1.0,2.0
169,159627.0,4.0,7.0,21.0,0.0,5.0,1.0,8.0,0.0,0.0,0.0,12.0,25.0
170,159737.0,4.0,3.0,16.0,0.0,10.0,6.0,9.0,0.0,0.0,1.0,3.0,23.0
171,130623.0,4.0,9.0,16.0,0.0,8.0,2.0,5.0,0.0,0.0,0.0,8.0,4.0
172,53178.0,4.0,31.0,44.0,0.0,36.0,17.0,21.0,0.0,0.0,0.0,24.0,31.0
173,43049.0,4.0,12.0,13.0,0.0,37.0,24.0,47.0,0.0,0.0,0.0,7.0,5.0
174,34877.0,4.0,14.0,10.0,0.0,57.0,36.0,52.0,0.0,0.0,0.0,10.0,14.0
175,30598.0,4.0,12.0,15.0,0.0,18.0,9.0,13.0,0.0,0.0,0.0,20.0,14.0
176,11259.0,4.0,2.0,13.0,0.0,18.0,15.0,41.0,0.0,0.0,0.0,17.0,78.0
177,50015.0,4.0,24.0,25.0,0.0,30.0,13.0,28.0,0.0,0.0,0.0,25.0,30.0
178,31015.0,4.0,16.0,31.0,0.0,30.0,17.0,27.0,0.0,0.0,0.0,12.0,45.0
179,14848.0,3.0,16.0,32.0,0.0,14.0,8.0,18.0,0.0,0.0,0.0,11.0,39.0
180,35149.0,3.0,14.0,33.0,0.0,11.0,9.0,9.0,0.0,0.0,0.0,17.0,16.0
181,160688.0,3.0,13.0,35.0,0.0,17.0,13.0,75.0,0.0,0.0,0.0,52.0,152.0
182,43062.0,3.0,3.0,0.0,0.0,6.0,3.0,7.0,0.0,0.0,0.0,1.0,0.0
183,19511.0,3.0,7.0,32.0,0.0,11.0,9.0,25.0,0.0,0.0,0.0,26.0,70.0
184,133651.0,3.0,7.0,15.0,0.0,3.0,1.0,24.0,0.0,0.0,0.0,16.0,33.0
185,32114.0,3.0,4.0,9.0,0.0,24.0,18.0,115.0,0.0,0.0,0.0,21.0,93.0
186,162156.0,3.0,2.0,6.0,0.0,7.0,3.0,7.0,0.0,0.0,0.0,4.0,12.0
187,19205.0,3.0,27.0,26.0,0.0,16.0,8.0,24.0,0.0,0.0,0.0,26.0,32.0
188,160457.0,3.0,15.0,26.0,0.0,16.0,9.0,15.0,0.0,1.0,0.0,18.0,9.0
189,30926.0,3.0,20.0,34.0,0.0,18.0,7.0,13.0,0.0,0.0,0.0,22.0,25.0
190,10059.0,3.0,15.0,12.0,0.0,17.0,11.0,6.0,0.0,0.0,0.0,10.0,25.0
191,19444.0,3.0,13.0,12.0,0.0,20.0,11.0,15.0,0.0,0.0,0.0,2.0,16.0
192,5990.0,3.0,29.0,62.0,0.0,17.0,3.0,24.0,0.0,0.0,0.0,29.0,11.0
193,43135.0,3.0,6.0,15.0,0.0,22.0,6.0,8.0,0.0,0.0,0.0,13.0,6.0
194,18721.0,3.0,8.0,14.0,0.0,8.0,3.0,46.0,0.0,0.0,0.0,29.0,51.0
195,41632.0,3.0,1.0,3.0,0.0,5.0,5.0,3.0,0.0,0.0,0.0,3.0,7.0
196,161985.0,3.0,6.0,13.0,0.0,24.0,14.0,5.0,0.0,0.0,0.0,3.0,2.0
197,180000.0,3.0,7.0,36.0,0.0,14.0,6.0,5.0,0.0,0.0,0.0,17.0,16.0
198,19415.0,3.0,26.0,34.0,0.0,29.0,10.0,16.0,0.0,0.0,0.0,12.0,9.0
199,32140.0,3.0,19.0,23.0,0.0,8.0,5.0,12.0,0.0,0.0,0.0,9.0,18.0
200,160847.0,3.0,13.0,34.0,0.0,35.0,31.0,162.0,0.0,0.0,0.0,19.0,158.0
201,19506.0,3.0,6.0,13.0,0.0,14.0,7.0,13.0,0.0,0.0,0.0,8.0,13.0
202,160424.0,3.0,15.0,36.0,0.0,16.0,6.0,9.0,0.0,0.0,0.0,32.0,41.0
203,160096.0,3.0,13.0,24.0,0.0,6.0,1.0,7.0,0.0,0.0,0.0,13.0,8.0
204,32098.0,3.0,4.0,13.0,0.0,6.0,4.0,19.0,0.0,0.0,0.0,16.0,5.0
205,179282.0,3.0,6.0,10.0,0.0,16.0,4.0,11.0,0.0,0.0,0.0,2.0,8.0
206,135654.0,3.0,8.0,32.0,0.0,11.0,6.0,6.0,0.0,0.0,0.0,18.0,37.0
207,53278.0,3.0,13.0,5.0,0.0,28.0,11.0,8.0,0.0,0.0,0.0,1.0,10.0
208,42727.0,3.0,10.0,17.0,0.0,10.0,6.0,13.0,0.0,0.0,0.0,14.0,16.0
209,42655.0,3.0,21.0,31.0,0.0,19.0,9.0,17.0,0.0,0.0,0.0,18.0,11.0
210,52240.0,3.0,27.0,44.0,0.0,13.0,3.0,13.0,0.0,1.0,0.0,29.0,21.0
211,35862.0,3.0,19.0,30.0,0.0,20.0,8.0,23.0,0.0,0.0,1.0,37.0,19.0
212,159715.0,3.0,4.0,18.0,0.0,5.0,3.0,10.0,0.0,0.0,0.0,26.0,11.0
213,160314.0,3.0,18.0,37.0,0.0,11.0,4.0,22.0,0.0,0.0,0.0,29.0,26.0
214,166103.0,3.0,4.0,10.0,0.0,17.0,6.0,8.0,0.0,0.0,1.0,6.0,7.0
215,135191.0,3.0,12.0,32.0,0.0,12.0,7.0,35.0,0.0,0.0,0.0,35.0,46.0
216,179415.0,3.0,2.0,1.0,0.0,7.0,2.0,5.0,0.0,0.0,0.0,2.0,3.0
217,135169.0,3.0,1.0,3.0,0.0,5.0,4.0,13.0,0.0,0.0,0.0,1.0,37.0
218,44033.0,3.0,14.0,18.0,0.0,16.0,9.0,8.0,0.0,0.0,0.0,7.0,12.0
219,136935.0,2.0,5.0,7.0,0.0,27.0,23.0,79.0,1.0,0.0,0.0,16.0,102.0
220,13981.0,2.0,6.0,18.0,0.0,3.0,2.0,3.0,0.0,0.0,1.0,6.0,7.0
221,35018.0,2.0,16.0,21.0,0.0,19.0,12.0,32.0,0.0,0.0,0.0,12.0,25.0
222,91050.0,2.0,9.0,10.0,0.0,5.0,5.0,72.0,0.0,0.0,0.0,31.0,86.0
223,130310.0,2.0,8.0,26.0,0.0,15.0,6.0,10.0,0.0,0.0,0.0,23.0,26.0
224,4600.0,2.0,5.0,8.0,0.0,10.0,4.0,5.0,0.0,0.0,0.0,1.0,6.0
225,53174.0,2.0,30.0,53.0,0.0,55.0,28.0,29.0,0.0,1.0,0.0,40.0,45.0
226,10314.0,2.0,6.0,10.0,0.0,8.0,4.0,64.0,0.0,0.0,0.0,35.0,88.0
227,41062.0,2.0,4.0,7.0,0.0,27.0,25.0,160.0,0.0,0.0,0.0,49.0,189.0
228,161549.0,2.0,16.0,29.0,0.0,10.0,7.0,15.0,0.0,0.0,0.0,12.0,15.0
229,160682.0,2.0,24.0,34.0,0.0,6.0,4.0,8.0,0.0,0.0,0.0,13.0,18.0
230,175656.0,2.0,6.0,17.0,0.0,7.0,5.0,6.0,0.0,0.0,0.0,8.0,17.0
231,139561.0,2.0,5.0,25.0,0.0,15.0,9.0,25.0,0.0,0.0,0.0,3.0,5.0
232,160672.0,2.0,20.0,26.0,0.0,13.0,9.0,18.0,0.0,0.0,0.0,26.0,39.0
233,31013.0,2.0,5.0,2.0,0.0,18.0,10.0,7.0,0.0,0.0,0.0,1.0,3.0
234,162020.0,2.0,12.0,24.0,0.0,7.0,4.0,8.0,0.0,1.0,0.0,9.0,11.0
235,32203.0,2.0,7.0,14.0,0.0,19.0,5.0,2.0,1.0,0.0,0.0,5.0,1.0
236,6566.0,2.0,5.0,12.0,0.0,22.0,20.0,63.0,0.0,0.0,0.0,32.0,87.0
237,44026.0,2.0,16.0,24.0,0.0,25.0,19.0,16.0,0.0,0.0,0.0,15.0,10.0
238,6773.0,2.0,7.0,19.0,0.0,6.0,3.0,3.0,0.0,0.0,0.0,23.0,17.0
239,141189.0,2.0,10.0,8.0,0.0,13.0,8.0,10.0,0.0,2.0,0.0,6.0,7.0
240,50136.0,2.0,14.0,31.0,0.0,35.0,14.0,11.0,0.0,0.0,0.0,14.0,7.0
241,133644.0,2.0,3.0,37.0,0.0,18.0,14.0,68.0,0.0,0.0,0.0,28.0,104.0
242,128282.0,2.0,15.0,17.0,0.0,14.0,8.0,14.0,0.0,2.0,0.0,12.0,17.0
243,159689.0,2.0,4.0,15.0,0.0,23.0,18.0,69.0,0.0,0.0,0.0,43.0,93.0
244,11241.0,2.0,2.0,0.0,0.0,11.0,7.0,8.0,0.0,0.0,0.0,1.0,10.0
245,43997.0,2.0,1.0,5.0,0.0,9.0,6.0,37.0,0.0,0.0,0.0,15.0,39.0
246,160118.0,2.0,3.0,8.0,0.0,2.0,0.0,0.0,0.0,0.0,0.0,8.0,3.0
247,160313.0,2.0,23.0,37.0,0.0,37.0,14.0,24.0,0.0,0.0,1.0,14.0,9.0
248,161459.0,2.0,12.0,38.0,0.0,7.0,0.0,15.0,0.0,0.0,0.0,21.0,38.0
249,50336.0,2.0,14.0,10.0,0.0,19.0,8.0,3.0,0.0,0.0,0.0,2.0,5.0
250,94228.0,2.0,15.0,34.0,0.0,17.0,10.0,50.0,0.0,0.0,0.0,19.0,64.0
251,160846.0,2.0,8.0,8.0,0.0,4.0,1.0,7.0,0.0,0.0,0.0,15.0,17.0
252,161548.0,2.0,38.0,78.0,2.0,27.0,13.0,29.0,0.0,0.0,0.0,23.0,29.0
253,130554.0,2.0,8.0,20.0,0.0,14.0,5.0,5.0,0.0,0.0,0.0,6.0,7.0
254,133675.0,2.0,0.0,1.0,0.0,0.0,0.0,0.0,0.0,0.0,0.0,1.0,2.0
255,31712.0,2.0,12.0,21.0,0.0,4.0,3.0,19.0,0.0,0.0,0.0,27.0,31.0
256,51699.0,2.0,5.0,15.0,0.0,11.0,7.0,13.0,0.0,0.0,0.0,20.0,48.0
257,129759.0,2.0,29.0,51.0,0.0,15.0,5.0,38.0,0.0,0.0,0.0,28.0,24.0
258,180034.0,2.0,4.0,13.0,0.0,10.0,5.0,4.0,0.0,0.0,0.0,2.0,8.0
259,21858.0,2.0,4.0,21.0,0.0,7.0,2.0,7.0,0.0,0.0,0.0,9.0,14.0
260,14290.0,2.0,4.0,11.0,0.0,14.0,10.0,49.0,0.0,0.0,0.0,47.0,122.0
261,161402.0,2.0,8.0,21.0,0.0,9.0,4.0,2.0,0.0,0.0,1.0,7.0,18.0
262,52277.0,2.0,3.0,7.0,0.0,15.0,13.0,102.0,1.0,0.0,0.0,25.0,151.0
263,161453.0,2.0,4.0,8.0,0.0,25.0,14.0,14.0,0.0,0.0,0.0,3.0,7.0
264,179348.0,2.0,11.0,14.0,0.0,22.0,12.0,14.0,0.0,0.0,0.0,14.0,7.0
265,13935.0,2.0,16.0,41.0,0.0,2.0,2.0,8.0,0.0,0.0,0.0,42.0,18.0
266,161456.0,1.0,2.0,2.0,0.0,7.0,3.0,27.0,0.0,0.0,0.0,14.0,50.0
267,6009.0,1.0,3.0,7.0,0.0,2.0,0.0,3.0,0.0,0.0,0.0,9.0,12.0
268,154335.0,1.0,29.0,44.0,0.0,14.0,7.0,10.0,0.0,0.0,0.0,25.0,23.0
269,163811.0,1.0,0.0,1.0,0.0,1.0,1.0,4.0,0.0,0.0,0.0,2.0,1.0
270,135245.0,1.0,13.0,31.0,0.0,5.0,2.0,1.0,0.0,0.0,0.0,15.0,10.0
271,93882.0,1.0,5.0,13.0,0.0,5.0,2.0,9.0,0.0,0.0,0.0,6.0,8.0
272,154433.0,1.0,0.0,4.0,0.0,1.0,1.0,7.0,0.0,0.0,0.0,4.0,13.0
273,179296.0,1.0,12.0,12.0,0.0,5.0,3.0,5.0,0.0,0.0,0.0,12.0,7.0
274,162118.0,1.0,15.0,38.0,0.0,14.0,6.0,10.0,0.0,0.0,0.0,21.0,12.0
275,180097.0,1.0,0.0,1.0,0.0,0.0,0.0,0.0,0.0,0.0,0.0,0.0,3.0
276,42971.0,1.0,3.0,8.0,0.0,7.0,4.0,8.0,0.0,0.0,0.0,7.0,7.0
277,180093.0,1.0,4.0,5.0,0.0,5.0,1.0,9.0,0.0,0.0,0.0,3.0,8.0
278,128570.0,1.0,17.0,43.0,0.0,26.0,6.0,17.0,0.0,1.0,1.0,26.0,35.0
279,96594.0,1.0,1.0,5.0,0.0,23.0,20.0,86.0,0.0,1.0,0.0,14.0,44.0
280,175596.0,1.0,2.0,4.0,0.0,1.0,1.0,8.0,0.0,0.0,0.0,5.0,20.0
281,12507.0,1.0,10.0,17.0,0.0,25.0,17.0,164.0,0.0,0.0,0.0,29.0,245.0
282,159638.0,1.0,9.0,27.0,0.0,9.0,3.0,3.0,0.0,0.0,0.0,23.0,16.0
283,160034.0,1.0,11.0,18.0,0.0,11.0,5.0,28.0,0.0,0.0,0.0,19.0,53.0
284,180025.0,1.0,12.0,19.0,0.0,14.0,5.0,6.0,0.0,0.0,0.0,9.0,10.0
285,48228.0,1.0,27.0,51.0,0.0,42.0,15.0,12.0,0.0,0.0,0.0,22.0,9.0
286,159637.0,1.0,20.0,38.0,0.0,5.0,3.0,8.0,0.0,0.0,0.0,15.0,39.0
287,94221.0,1.0,2.0,5.0,0.0,7.0,6.0,36.0,0.0,0.0,0.0,13.0,31.0
288,51790.0,1.0,1.0,4.0,0.0,2.0,1.0,15.0,0.0,0.0,0.0,8.0,29.0
289,48182.0,1.0,6.0,33.0,0.0,6.0,2.0,17.0,1.0,0.0,0.0,19.0,25.0
290,30985.0,1.0,5.0,2.0,0.0,4.0,3.0,4.0,0.0,0.0,0.0,3.0,11.0
291,93960.0,1.0,11.0,17.0,0.0,7.0,0.0,2.0,0.0,0.0,0.0,8.0,22.0
292,180210.0,1.0,0.0,1.0,0.0,0.0,0.0,0.0,0.0,0.0,0.0,1.0,1.0
293,91606.0,1.0,1.0,2.0,0.0,6.0,5.0,2.0,0.0,0.0,0.0,18.0,21.0
294,144289.0,1.0,4.0,4.0,0.0,7.0,3.0,12.0,0.0,0.0,0.0,2.0,10.0
295,160054.0,1.0,19.0,53.0,0.0,13.0,6.0,7.0,0.0,0.0,0.0,16.0,13.0
296,26151.0,1.0,10.0,13.0,0.0,3.0,2.0,4.0,0.0,0.0,0.0,5.0,14.0
297,93899.0,1.0,8.0,14.0,0.0,3.0,0.0,2.0,0.0,0.0,0.0,10.0,9.0
298,19667.0,1.0,0.0,1.0,0.0,2.0,1.0,2.0,0.0,0.0,0.0,1.0,1.0
299,137781.0,1.0,5.0,3.0,0.0,3.0,1.0,6.0,0.0,0.0,0.0,6.0,5.0
300,166789.0,1.0,3.0,20.0,0.0,5.0,4.0,8.0,0.0,0.0,0.0,9.0,37.0
301,7431.0,1.0,0.0,7.0,0.0,1.0,0.0,2.0,0.0,0.0,0.0,7.0,6.0
302,135200.0,1.0,18.0,47.0,0.0,14.0,6.0,15.0,0.0,0.0,0.0,26.0,26.0
303,130400.0,1.0,6.0,6.0,0.0,4.0,2.0,5.0,0.0,0.0,0.0,4.0,2.0
304,134381.0,1.0,7.0,19.0,0.0,2.0,0.0,2.0,0.0,0.0,0.0,6.0,9.0
305,163201.0,1.0,3.0,1.0,0.0,10.0,8.0,7.0,0.0,0.0,0.0,1.0,8.0
306,175534.0,1.0,7.0,15.0,0.0,15.0,3.0,7.0,0.0,0.0,0.0,4.0,13.0
307,160698.0,1.0,3.0,8.0,0.0,4.0,1.0,2.0,0.0,0.0,0.0,2.0,4.0
308,157053.0,1.0,19.0,14.0,0.0,7.0,1.0,11.0,1.0,0.0,0.0,12.0,20.0
309,94140.0,1.0,18.0,23.0,0.0,14.0,9.0,16.0,0.0,0.0,0.0,4.0,11.0
310,160783.0,1.0,8.0,31.0,0.0,4.0,2.0,18.0,0.0,0.0,0.0,12.0,34.0
311,132927.0,1.0,22.0,46.0,0.0,10.0,5.0,6.0,0.0,0.0,0.0,17.0,19.0
312,162021.0,1.0,14.0,26.0,0.0,12.0,5.0,5.0,0.0,0.0,1.0,15.0,11.0
313,179147.0,1.0,3.0,7.0,0.0,3.0,1.0,1.0,0.0,0.0,0.0,3.0,4.0
314,90117.0,1.0,0.0,3.0,0.0,6.0,4.0,2.0,0.0,0.0,0.0,2.0,2.0
315,47184.0,1.0,7.0,13.0,0.0,2.0,1.0,13.0,0.0,0.0,0.0,14.0,39.0
316,161990.0,1.0,13.0,9.0,0.0,5.0,3.0,12.0,0.0,0.0,0.0,16.0,29.0
317,5745.0,1.0,8.0,19.0,0.0,5.0,1.0,4.0,0.0,0.0,0.0,17.0,16.0
318,160652.0,1.0,1.0,6.0,0.0,1.0,1.0,2.0,0.0,0.0,0.0,2.0,12.0
319,52974.0,1.0,4.0,29.0,0.0,11.0,8.0,15.0,0.0,0.0,0.0,20.0,27.0
320,144510.0,1.0,6.0,7.0,0.0,15.0,9.0,52.0,0.0,0.0,0.0,11.0,66.0
321,180035.0,1.0,16.0,15.0,0.0,19.0,12.0,32.0,1.0,0.0,0.0,5.0,28.0
322,31291.0,1.0,8.0,14.0,0.0,24.0,11.0,37.0,0.0,0.0,0.0,4.0,18.0
323,90847.0,1.0,13.0,20.0,0.0,29.0,10.0,20.0,0.0,2.0,0.0,7.0,17.0
324,44030.0,1.0,18.0,28.0,0.0,10.0,5.0,13.0,0.0,0.0,1.0,20.0,20.0
325,161377.0,1.0,11.0,16.0,0.0,13.0,9.0,8.0,0.0,0.0,0.0,12.0,8.0
326,131781.0,1.0,4.0,11.0,0.0,3.0,2.0,3.0,0.0,0.0,0.0,15.0,13.0
327,10048.0,0.0,1.0,1.0,0.0,4.0,4.0,2.0,0.0,0.0,0.0,0.0,0.0
328,6011.0,0.0,0.0,0.0,0.0,15.0,0.0,9.0,0.0,3.0,0.0,0.0,0.0
329,129756.0,0.0,0.0,1.0,0.0,37.0,2.0,17.0,1.0,1.0,0.0,0.0,2.0
330,161463.0,0.0,1.0,16.0,0.0,13.0,10.0,103.0,0.0,0.0,0.0,28.0,113.0
331,130627.0,0.0,6.0,11.0,0.0,6.0,2.0,5.0,0.0,0.0,0.0,23.0,38.0
332,44029.0,0.0,3.0,1.0,0.0,20.0,5.0,11.0,0.0,3.0,0.0,2.0,1.0
333,14288.0,0.0,1.0,4.0,0.0,4.0,3.0,4.0,0.0,0.0,0.0,1.0,6.0
334,93725.0,0.0,6.0,10.0,0.0,1.0,0.0,6.0,0.0,0.0,0.0,9.0,14.0
335,129752.0,0.0,25.0,33.0,0.0,5.0,0.0,1.0,0.0,0.0,0.0,27.0,18.0
336,6623.0,0.0,20.0,39.0,0.0,7.0,3.0,9.0,0.0,0.0,0.0,15.0,17.0
337,131779.0,0.0,17.0,23.0,0.0,7.0,1.0,9.0,0.0,0.0,0.0,10.0,18.0
338,20239.0,0.0,17.0,18.0,0.0,15.0,9.0,6.0,0.0,0.0,0.0,13.0,33.0
339,160036.0,0.0,15.0,18.0,0.0,23.0,17.0,70.0,0.0,0.0,0.0,33.0,100.0
340,34626.0,0.0,14.0,28.0,0.0,15.0,10.0,21.0,0.0,0.0,0.0,11.0,22.0
341,180212.0,0.0,13.0,12.0,1.0,3.0,1.0,0.0,0.0,0.0,0.0,3.0,11.0
342,160156.0,0.0,13.0,36.0,0.0,7.0,4.0,23.0,0.0,0.0,0.0,21.0,31.0
343,94217.0,0.0,12.0,27.0,0.0,11.0,4.0,23.0,0.0,0.0,0.0,14.0,48.0
344,30549.0,0.0,12.0,40.0,0.0,7.0,3.0,35.0,0.0,0.0,0.0,39.0,66.0
345,32103.0,0.0,11.0,17.0,0.0,5.0,3.0,4.0,0.0,0.0,0.0,18.0,20.0
346,30557.0,0.0,11.0,25.0,0.0,5.0,2.0,3.0,0.0,0.0,0.0,6.0,10.0
347,160103.0,0.0,10.0,6.0,0.0,5.0,3.0,4.0,0.0,0.0,0.0,6.0,6.0
348,180424.0,0.0,9.0,5.0,0.0,15.0,7.0,6.0,0.0,0.0,0.0,2.0,7.0
349,130045.0,0.0,9.0,59.0,0.0,5.0,1.0,7.0,0.0,0.0,0.0,36.0,24.0
350,18957.0,0.0,9.0,15.0,0.0,1.0,0.0,3.0,0.0,0.0,0.0,8.0,4.0
351,175680.0,0.0,9.0,10.0,0.0,1.0,1.0,4.0,0.0,0.0,0.0,8.0,13.0
352,159713.0,0.0,9.0,21.0,0.0,5.0,2.0,2.0,0.0,0.0,0.0,12.0,16.0
353,180060.0,0.0,8.0,16.0,0.0,11.0,6.0,2.0,0.0,0.0,0.0,5.0,8.0
354,31068.0,0.0,8.0,15.0,0.0,6.0,6.0,35.0,0.0,0.0,0.0,22.0,58.0
355,129760.0,0.0,8.0,18.0,0.0,1.0,1.0,5.0,0.0,0.0,0.0,5.0,5.0
356,19620.0,0.0,8.0,12.0,0.0,13.0,6.0,16.0,0.0,0.0,0.0,17.0,40.0
357,131743.0,0.0,8.0,28.0,0.0,7.0,3.0,22.0,0.0,0.0,0.0,39.0,45.0
358,180063.0,0.0,7.0,12.0,0.0,8.0,6.0,18.0,0.0,0.0,0.0,11.0,10.0
359,44032.0,0.0,7.0,16.0,0.0,8.0,0.0,8.0,0.0,0.0,0.0,10.0,7.0
360,160781.0,0.0,7.0,3.0,0.0,2.0,0.0,2.0,0.0,0.0,0.0,0.0,10.0
361,141016.0,0.0,7.0,3.0,0.0,20.0,7.0,5.0,0.0,0.0,0.0,2.0,12.0
362,115748.0,0.0,7.0,24.0,0.0,5.0,1.0,10.0,0.0,0.0,0.0,27.0,34.0
363,180046.0,0.0,7.0,6.0,0.0,3.0,3.0,4.0,0.0,0.0,0.0,11.0,19.0
364,90688.0,0.0,7.0,4.0,0.0,13.0,7.0,6.0,0.0,0.0,0.0,7.0,2.0
365,46933.0,0.0,7.0,21.0,0.0,2.0,1.0,7.0,0.0,1.0,0.0,9.0,5.0
366,175380.0,0.0,6.0,7.0,0.0,5.0,2.0,0.0,0.0,1.0,0.0,8.0,6.0
367,48542.0,0.0,6.0,25.0,0.0,9.0,7.0,22.0,0.0,0.0,0.0,33.0,45.0
368,160895.0,0.0,6.0,6.0,0.0,2.0,0.0,5.0,0.0,0.0,0.0,12.0,20.0
369,93814.0,0.0,6.0,6.0,0.0,0.0,0.0,9.0,0.0,0.0,0.0,8.0,33.0
370,44017.0,0.0,5.0,10.0,0.0,6.0,4.0,7.0,0.0,0.0,0.0,11.0,14.0
371,160897.0,0.0,5.0,5.0,0.0,1.0,1.0,9.0,0.0,0.0,0.0,24.0,20.0
372,94350.0,0.0,5.0,19.0,0.0,2.0,1.0,4.0,0.0,0.0,0.0,7.0,14.0
373,6577.0,0.0,5.0,17.0,0.0,1.0,0.0,1.0,0.0,0.0,0.0,14.0,4.0
374,93957.0,0.0,5.0,2.0,0.0,4.0,3.0,3.0,0.0,1.0,0.0,3.0,12.0
375,133548.0,0.0,4.0,16.0,0.0,0.0,0.0,7.0,0.0,0.0,1.0,25.0,11.0
376,135671.0,0.0,4.0,6.0,0.0,0.0,0.0,1.0,0.0,0.0,0.0,4.0,4.0
377,23153.0,0.0,4.0,12.0,0.0,3.0,1.0,0.0,0.0,0.0,0.0,1.0,6.0
378,139564.0,0.0,4.0,15.0,0.0,4.0,2.0,4.0,0.0,0.0,0.0,8.0,12.0
379,161349.0,0.0,4.0,17.0,0.0,6.0,1.0,21.0,0.0,0.0,0.0,31.0,76.0
380,52102.0,0.0,3.0,9.0,0.0,4.0,2.0,2.0,0.0,0.0,0.0,11.0,7.0
381,135976.0,0.0,3.0,8.0,0.0,1.0,0.0,0.0,0.0,0.0,0.0,2.0,5.0
382,180889.0,0.0,3.0,1.0,0.0,2.0,2.0,2.0,0.0,0.0,0.0,1.0,0.0
383,58929.0,0.0,3.0,14.0,0.0,0.0,0.0,2.0,0.0,0.0,0.0,27.0,12.0
384,160587.0,0.0,3.0,9.0,0.0,2.0,1.0,19.0,0.0,0.0,0.0,22.0,62.0
385,17894.0,0.0,3.0,11.0,0.0,3.0,1.0,16.0,0.0,0.0,0.0,5.0,23.0
386,46085.0,0.0,3.0,0.0,0.0,20.0,0.0,11.0,0.0,3.0,0.0,1.0,0.0
387,144698.0,0.0,3.0,16.0,0.0,6.0,4.0,17.0,0.0,0.0,0.0,6.0,34.0
388,162014.0,0.0,3.0,6.0,0.0,10.0,8.0,6.0,0.0,0.0,1.0,4.0,5.0
389,129751.0,0.0,2.0,3.0,0.0,1.0,1.0,3.0,0.0,0.0,0.0,1.0,1.0
390,131750.0,0.0,2.0,0.0,0.0,10.0,1.0,9.0,0.0,2.0,0.0,0.0,1.0
391,52220.0,0.0,2.0,11.0,0.0,2.0,1.0,6.0,0.0,0.0,0.0,10.0,11.0
392,172462.0,0.0,2.0,1.0,0.0,2.0,0.0,0.0,0.0,0.0,0.0,0.0,2.0
393,135117.0,0.0,2.0,5.0,0.0,4.0,3.0,11.0,0.0,0.0,0.0,3.0,25.0
394,32012.0,0.0,2.0,0.0,0.0,0.0,0.0,4.0,0.0,0.0,0.0,2.0,2.0
395,6013.0,0.0,2.0,2.0,0.0,9.0,4.0,13.0,0.0,1.0,0.0,3.0,7.0
396,159635.0,0.0,2.0,3.0,0.0,2.0,0.0,1.0,0.0,0.0,0.0,2.0,5.0
397,19619.0,0.0,2.0,11.0,0.0,13.0,10.0,17.0,0.0,0.0,0.0,25.0,59.0
398,161996.0,0.0,2.0,5.0,0.0,3.0,2.0,5.0,0.0,0.0,0.0,11.0,5.0
399,159677.0,0.0,2.0,2.0,0.0,5.0,1.0,1.0,0.0,0.0,0.0,6.0,2.0
400,30984.0,0.0,2.0,1.0,1.0,20.0,2.0,17.0,0.0,2.0,0.0,0.0,0.0
401,159287.0,0.0,2.0,1.0,0.0,1.0,0.0,2.0,0.0,0.0,0.0,2.0,2.0
402,53183.0,0.0,2.0,5.0,0.0,12.0,4.0,4.0,0.0,1.0,0.0,1.0,2.0
403,14289.0,0.0,2.0,6.0,0.0,3.0,1.0,6.0,0.0,0.0,0.0,4.0,4.0
404,50563.0,0.0,2.0,2.0,0.0,0.0,0.0,3.0,0.0,0.0,0.0,1.0,0.0
405,135192.0,0.0,1.0,1.0,1.0,10.0,0.0,5.0,0.0,0.0,0.0,0.0,0.0
406,180005.0,0.0,1.0,7.0,0.0,3.0,0.0,7.0,0.0,0.0,0.0,5.0,6.0
407,162023.0,0.0,1.0,8.0,0.0,6.0,4.0,5.0,0.0,0.0,0.0,6.0,3.0
408,129737.0,0.0,1.0,1.0,0.0,33.0,0.0,9.0,0.0,5.0,0.0,0.0,0.0
409,129917.0,0.0,1.0,2.0,0.0,16.0,0.0,6.0,0.0,2.0,1.0,1.0,0.0
410,53032.0,0.0,1.0,7.0,0.0,2.0,1.0,3.0,0.0,1.0,0.0,2.0,1.0
411,52304.0,0.0,1.0,0.0,0.0,7.0,1.0,5.0,0.0,1.0,1.0,1.0,1.0
412,160893.0,0.0,1.0,4.0,0.0,4.0,3.0,3.0,0.0,0.0,0.0,2.0,2.0
413,134737.0,0.0,1.0,1.0,0.0,1.0,1.0,1.0,0.0,0.0,0.0,3.0,2.0
414,160755.0,0.0,1.0,0.0,0.0,23.0,2.0,15.0,0.0,1.0,0.0,0.0,0.0
415,21222.0,0.0,1.0,0.0,0.0,5.0,1.0,0.0,0.0,0.0,0.0,0.0,1.0
416,163747.0,0.0,1.0,0.0,0.0,0.0,0.0,0.0,0.0,0.0,0.0,0.0,0.0
417,138634.0,0.0,1.0,2.0,0.0,0.0,0.0,0.0,0.0,0.0,0.0,0.0,1.0
418,179421.0,0.0,1.0,7.0,0.0,2.0,1.0,1.0,0.0,0.0,0.0,2.0,3.0
419,25178.0,0.0,1.0,0.0,0.0,10.0,0.0,5.0,0.0,2.0,0.0,0.0,2.0
420,154172.0,0.0,1.0,4.0,0.0,0.0,0.0,1.0,0.0,0.0,0.0,2.0,2.0
421,180764.0,0.0,1.0,2.0,0.0,9.0,6.0,4.0,0.0,0.0,0.0,2.0,3.0
422,159974.0,0.0,1.0,4.0,0.0,0.0,0.0,0.0,0.0,0.0,0.0,2.0,3.0
423,133131.0,0.0,1.0,0.0,0.0,13.0,0.0,4.0,0.0,0.0,0.0,1.0,0.0
424,46676.0,0.0,1.0,1.0,0.0,17.0,0.0,9.0,0.0,0.0,0.0,0.0,0.0
425,179281.0,0.0,1.0,3.0,0.0,4.0,1.0,25.0,0.0,0.0,0.0,3.0,47.0
426,11230.0,0.0,1.0,1.0,1.0,9.0,2.0,7.0,0.0,0.0,0.0,0.0,2.0
427,20023.0,0.0,1.0,5.0,0.0,2.0,2.0,16.0,0.0,0.0,0.0,16.0,29.0
428,175545.0,0.0,1.0,1.0,0.0,2.0,2.0,0.0,0.0,0.0,0.0,0.0,0.0
429,94486.0,0.0,1.0,0.0,0.0,0.0,0.0,0.0,0.0,0.0,0.0,2.0,8.0
430,180200.0,0.0,1.0,1.0,0.0,0.0,0.0,10.0,0.0,0.0,0.0,4.0,10.0
431,161559.0,0.0,0.0,1.0,0.0,0.0,0.0,1.0,0.0,0.0,0.0,6.0,10.0
432,180050.0,0.0,0.0,1.0,0.0,1.0,0.0,0.0,0.0,0.0,0.0,1.0,1.0
433,130759.0,0.0,0.0,1.0,0.0,24.0,1.0,9.0,0.0,2.0,2.0,2.0,0.0
434,180207.0,0.0,0.0,5.0,0.0,5.0,3.0,1.0,0.0,0.0,0.0,4.0,0.0
435,138686.0,0.0,0.0,0.0,0.0,1.0,1.0,0.0,0.0,0.0,0.0,0.0,0.0
436,144514.0,0.0,0.0,3.0,2.0,36.0,0.0,7.0,0.0,1.0,0.0,0.0,4.0
437,132466.0,0.0,0.0,0.0,0.0,2.0,0.0,0.0,0.0,0.0,0.0,0.0,0.0
438,161550.0,0.0,0.0,11.0,0.0,2.0,1.0,15.0,0.0,0.0,0.0,6.0,19.0
439,64876.0,0.0,0.0,6.0,0.0,2.0,0.0,2.0,0.0,0.0,0.0,4.0,6.0
440,154766.0,0.0,0.0,5.0,0.0,3.0,2.0,18.0,0.0,0.0,0.0,14.0,30.0
441,93962.0,0.0,0.0,5.0,0.0,1.0,1.0,2.0,0.0,0.0,0.0,1.0,8.0
442,175528.0,0.0,0.0,4.0,0.0,2.0,2.0,12.0,0.0,0.0,0.0,8.0,38.0
443,160772.0,0.0,0.0,3.0,1.0,12.0,1.0,7.0,1.0,0.0,1.0,1.0,0.0
444,175441.0,0.0,0.0,3.0,0.0,0.0,0.0,0.0,0.0,0.0,0.0,0.0,1.0
445,172388.0,0.0,0.0,3.0,0.0,2.0,0.0,1.0,0.0,0.0,0.0,5.0,4.0
446,134380.0,0.0,0.0,3.0,0.0,0.0,0.0,0.0,0.0,0.0,0.0,2.0,6.0
447,130553.0,0.0,0.0,2.0,0.0,0.0,0.0,0.0,0.0,0.0,0.0,2.0,2.0
448,159741.0,0.0,0.0,2.0,0.0,4.0,2.0,12.0,0.0,1.0,0.0,4.0,27.0
449,30959.0,0.0,0.0,2.0,0.0,1.0,0.0,0.0,0.0,0.0,0.0,0.0,0.0
450,161537.0,0.0,0.0,2.0,0.0,1.0,1.0,0.0,0.0,0.0,0.0,0.0,6.0
451,180848.0,0.0,0.0,2.0,0.0,0.0,0.0,0.0,0.0,0.0,0.0,1.0,2.0
452,180123.0,0.0,0.0,2.0,0.0,0.0,0.0,0.0,0.0,0.0,0.0,1.0,6.0
453,179148.0,0.0,0.0,1.0,0.0,0.0,0.0,0.0,0.0,0.0,0.0,0.0,1.0
454,18566.0,0.0,0.0,1.0,0.0,1.0,1.0,19.0,0.0,0.0,0.0,8.0,32.0
455,180206.0,0.0,0.0,1.0,0.0,0.0,0.0,0.0,0.0,0.0,0.0,0.0,2.0
456,161449.0,0.0,0.0,1.0,0.0,3.0,0.0,2.0,0.0,0.0,0.0,0.0,0.0
457,32165.0,0.0,0.0,1.0,0.0,0.0,0.0,0.0,0.0,1.0,0.0,0.0,0.0
458,161346.0,0.0,0.0,1.0,1.0,12.0,1.0,4.0,0.0,2.0,0.0,0.0,0.0
459,132770.0,0.0,0.0,1.0,0.0,0.0,0.0,2.0,0.0,0.0,0.0,1.0,4.0
460,131690.0,0.0,0.0,1.0,0.0,0.0,0.0,6.0,0.0,0.0,0.0,1.0,1.0
461,133649.0,0.0,0.0,0.0,0.0,29.0,0.0,16.0,1.0,1.0,1.0,1.0,1.0
462,129845.0,0.0,0.0,0.0,0.0,26.0,2.0,10.0,0.0,2.0,0.0,0.0,2.0
463,90844.0,0.0,0.0,0.0,0.0,17.0,0.0,13.0,0.0,3.0,0.0,1.0,2.0
464,179279.0,0.0,0.0,0.0,0.0,10.0,0.0,4.0,1.0,2.0,0.0,0.0,0.0
465,175685.0,0.0,0.0,0.0,0.0,9.0,1.0,5.0,0.0,1.0,0.0,1.0,0.0
466,20253.0,0.0,0.0,0.0,0.0,4.0,3.0,3.0,0.0,0.0,0.0,1.0,1.0
467,32539.0,0.0,0.0,0.0,0.0,3.0,0.0,1.0,0.0,0.0,0.0,0.0,0.0
468,47176.0,0.0,0.0,0.0,0.0,3.0,0.0,2.0,0.0,0.0,0.0,0.0,0.0
469,31037.0,0.0,0.0,0.0,0.0,3.0,0.0,0.0,0.0,0.0,0.0,0.0,0.0
470,160081.0,0.0,0.0,0.0,0.0,2.0,0.0,1.0,0.0,1.0,0.0,0.0,1.0
471,135178.0,0.0,0.0,0.0,0.0,2.0,0.0,0.0,0.0,0.0,0.0,0.0,0.0
472,161386.0,0.0,0.0,0.0,0.0,1.0,0.0,0.0,0.0,0.0,0.0,0.0,0.0
473,35777.0,0.0,0.0,0.0,0.0,1.0,1.0,7.0,0.0,0.0,0.0,1.0,3.0
474,163789.0,0.0,0.0,0.0,0.0,1.0,1.0,2.0,0.0,0.0,0.0,2.0,1.0
475,136298.0,0.0,0.0,0.0,0.0,1.0,0.0,0.0,0.0,1.0,0.0,0.0,0.0
476,171568.0,0.0,0.0,0.0,0.0,0.0,0.0,2.0,0.0,0.0,0.0,0.0,2.0
477,172390.0,0.0,0.0,0.0,0.0,0.0,0.0,1.0,0.0,0.0,0.0,1.0,1.0
478,161396.0,0.0,0.0,0.0,0.0,0.0,0.0,1.0,0.0,0.0,0.0,0.0,3.0
479,184255.0,0.0,0.0,0.0,0.0,0.0,0.0,1.0,0.0,0.0,0.0,0.0,1.0
480,30554.0,0.0,0.0,0.0,0.0,0.0,0.0,1.0,0.0,0.0,0.0,1.0,0.0
481,49710.0,0.0,0.0,0.0,0.0,0.0,0.0,0.0,0.0,0.0,0.0,2.0,1.0
482,153068.0,0.0,0.0,0.0,0.0,0.0,0.0,0.0,0.0,0.0,0.0,0.0,0.0
483,161388.0,0.0,0.0,0.0,0.0,0.0,0.0,0.0,0.0,0.0,0.0,2.0,2.0
484,19884.0,0.0,0.0,0.0,0.0,0.0,0.0,0.0,0.0,0.0,0.0,1.0,2.0
485,161384.0,0.0,0.0,0.0,0.0,0.0,0.0,0.0,0.0,0.0,0.0,1.0,0.0
486,180197.0,0.0,0.0,0.0,0.0,0.0,0.0,0.0,0.0,0.0,0.0,1.0,0.0
487,172469.0,0.0,0.0,0.0,0.0,0.0,0.0,0.0,0.0,0.0,0.0,1.0,0.0
488,160579.0,0.0,0.0,0.0,0.0,0.0,0.0,0.0,0.0,0.0,0.0,0.0,2.0
489,181972.0,0.0,0.0,0.0,0.0,0.0,0.0,0.0,0.0,0.0,0.0,0.0,1.0
490,184283.0,0.0,0.0,0.0,0.0,0.0,0.0,0.0,0.0,0.0,0.0,0.0,1.0
