index,playerId,goals,goalAssist,appearances,minutePlayed,yellowCard,redCard,totalSubOn,totalSubOff
0,94217.0,19.0,2.0,30.0,2657.0,3.0,1.0,0.0,2.0
1,11259.0,19.0,4.0,29.0,2494.0,2.0,0.0,1.0,2.0
2,161464.0,18.0,2.0,32.0,2273.0,3.0,0.0,6.0,16.0
3,47184.0,17.0,7.0,28.0,2426.0,1.0,0.0,0.0,11.0
4,6009.0,16.0,3.0,24.0,1456.0,1.0,0.0,6.0,10.0
5,160036.0,15.0,6.0,32.0,2722.0,3.0,0.0,1.0,15.0
6,30549.0,15.0,7.0,29.0,2341.0,2.0,0.0,2.0,11.0
7,19619.0,14.0,3.0,26.0,2120.0,1.0,0.0,1.0,14.0
8,19620.0,14.0,6.0,25.0,2129.0,2.0,0.0,0.0,9.0
9,136935.0,13.0,3.0,28.0,2045.0,2.0,0.0,4.0,16.0
10,41062.0,13.0,1.0,30.0,2181.0,7.0,0.0,5.0,9.0
11,6566.0,13.0,2.0,23.0,2050.0,3.0,0.0,0.0,2.0
12,31712.0,13.0,1.0,27.0,2283.0,5.0,0.0,1.0,9.0
13,133646.0,11.0,3.0,30.0,2584.0,5.0,0.0,0.0,8.0
14,19595.0,11.0,17.0,30.0,2433.0,3.0,0.0,2.0,11.0
15,130627.0,11.0,3.0,31.0,2629.0,3.0,0.0,1.0,8.0
16,52277.0,11.0,1.0,26.0,2067.0,1.0,0.0,1.0,10.0
17,31068.0,10.0,5.0,28.0,1555.0,2.0,0.0,13.0,6.0
18,160688.0,9.0,1.0,31.0,2655.0,6.0,0.0,0.0,12.0
19,131779.0,9.0,8.0,27.0,1632.0,0.0,0.0,9.0,7.0
20,161349.0,9.0,2.0,31.0,2305.0,3.0,0.0,6.0,8.0
21,20239.0,9.0,9.0,24.0,2015.0,0.0,1.0,1.0,6.0
22,14848.0,8.0,4.0,24.0,1840.0,2.0,0.0,3.0,9.0
23,19511.0,8.0,7.0,32.0,2621.0,0.0,0.0,2.0,17.0
24,6623.0,8.0,5.0,31.0,2196.0,4.0,0.0,7.0,9.0
25,14290.0,8.0,0.0,30.0,2529.0,10.0,0.0,2.0,4.0
26,11653.0,7.0,6.0,30.0,2694.0,8.0,0.0,0.0,1.0
27,160522.0,7.0,1.0,27.0,2148.0,1.0,0.0,3.0,4.0
28,48542.0,7.0,3.0,24.0,1505.0,6.0,0.0,7.0,10.0
29,160156.0,7.0,4.0,27.0,1621.0,0.0,0.0,6.0,18.0
30,144698.0,7.0,2.0,19.0,1290.0,0.0,0.0,5.0,8.0
31,161402.0,7.0,0.0,26.0,1543.0,1.0,0.0,6.0,18.0
32,133651.0,6.0,6.0,30.0,1849.0,0.0,0.0,8.0,18.0
33,10314.0,6.0,0.0,19.0,1361.0,4.0,0.0,2.0,12.0
34,128570.0,6.0,2.0,32.0,2220.0,4.0,0.0,5.0,18.0
35,12507.0,6.0,2.0,21.0,1771.0,3.0,0.0,1.0,6.0
36,139564.0,6.0,1.0,25.0,845.0,0.0,0.0,19.0,4.0
37,130045.0,6.0,3.0,31.0,2628.0,4.0,0.0,2.0,6.0
38,160424.0,6.0,4.0,32.0,2517.0,3.0,0.0,5.0,8.0
39,160587.0,6.0,4.0,26.0,1100.0,1.0,0.0,15.0,11.0
40,95187.0,6.0,0.0,30.0,1520.0,1.0,0.0,16.0,5.0
41,131743.0,6.0,1.0,28.0,1958.0,3.0,0.0,4.0,19.0
42,180060.0,5.0,3.0,8.0,681.0,1.0,0.0,0.0,4.0
43,30926.0,5.0,2.0,27.0,2352.0,7.0,0.0,0.0,2.0
44,160847.0,5.0,0.0,30.0,1732.0,4.0,0.0,12.0,12.0
45,159689.0,5.0,1.0,21.0,1790.0,3.0,0.0,0.0,8.0
46,160783.0,5.0,6.0,27.0,1753.0,3.0,0.0,8.0,9.0
47,161990.0,5.0,3.0,22.0,1495.0,1.0,0.0,6.0,7.0
48,19695.0,5.0,1.0,20.0,1607.0,2.0,0.0,1.0,5.0
49,52974.0,5.0,5.0,24.0,1511.0,4.0,0.0,7.0,10.0
50,44030.0,5.0,7.0,28.0,1680.0,5.0,0.0,9.0,9.0
51,6447.0,5.0,3.0,32.0,2880.0,7.0,0.0,0.0,0.0
52,35018.0,4.0,2.0,14.0,1129.0,4.0,0.0,2.0,1.0
53,130310.0,4.0,1.0,24.0,1335.0,3.0,0.0,10.0,8.0
54,129752.0,4.0,5.0,28.0,2105.0,3.0,0.0,3.0,14.0
55,23607.0,4.0,2.0,30.0,2420.0,1.0,0.0,3.0,4.0
56,106028.0,4.0,2.0,31.0,2662.0,9.0,0.0,1.0,8.0
57,160034.0,4.0,4.0,29.0,1900.0,3.0,0.0,5.0,15.0
58,52220.0,4.0,2.0,17.0,549.0,0.0,0.0,12.0,3.0
59,132771.0,4.0,2.0,26.0,2016.0,10.0,0.0,3.0,7.0
60,91606.0,4.0,3.0,15.0,704.0,1.0,0.0,7.0,6.0
61,18721.0,4.0,2.0,21.0,1605.0,0.0,0.0,2.0,8.0
62,53178.0,4.0,3.0,30.0,2272.0,5.0,0.0,5.0,5.0
63,43231.0,4.0,1.0,23.0,1673.0,2.0,0.0,4.0,6.0
64,4029.0,4.0,1.0,28.0,2307.0,5.0,0.0,0.0,11.0
65,161459.0,4.0,1.0,26.0,2228.0,2.0,0.0,0.0,8.0
66,94228.0,4.0,2.0,29.0,1845.0,2.0,0.0,9.0,9.0
67,5745.0,4.0,7.0,22.0,1451.0,0.0,0.0,4.0,11.0
68,135191.0,4.0,9.0,31.0,2201.0,0.0,0.0,8.0,7.0
69,92622.0,4.0,1.0,32.0,2880.0,1.0,0.0,0.0,0.0
70,131781.0,4.0,1.0,17.0,849.0,2.0,0.0,8.0,7.0
71,30533.0,3.0,12.0,32.0,2790.0,4.0,0.0,1.0,4.0
72,154335.0,3.0,2.0,31.0,2607.0,5.0,0.0,1.0,12.0
73,135245.0,3.0,2.0,22.0,1123.0,2.0,0.0,8.0,11.0
74,91050.0,3.0,3.0,18.0,1300.0,2.0,0.0,5.0,3.0
75,129749.0,3.0,2.0,28.0,2520.0,1.0,0.0,0.0,0.0
76,180005.0,3.0,0.0,8.0,561.0,1.0,0.0,1.0,5.0
77,20752.0,3.0,3.0,26.0,2330.0,2.0,0.0,0.0,1.0
78,14131.0,3.0,0.0,26.0,2295.0,7.0,0.0,0.0,2.0
79,160025.0,3.0,0.0,32.0,2452.0,4.0,0.0,4.0,4.0
80,129879.0,3.0,0.0,26.0,2226.0,8.0,0.0,1.0,1.0
81,13742.0,3.0,3.0,30.0,2691.0,9.0,0.0,0.0,1.0
82,94221.0,3.0,0.0,12.0,611.0,0.0,0.0,5.0,7.0
83,14287.0,3.0,1.0,18.0,938.0,1.0,0.0,8.0,5.0
84,160672.0,3.0,1.0,28.0,1444.0,2.0,1.0,14.0,10.0
85,5990.0,3.0,5.0,28.0,2135.0,2.0,0.0,3.0,9.0
86,160158.0,3.0,1.0,30.0,2212.0,8.0,0.0,5.0,5.0
87,43135.0,3.0,3.0,22.0,1187.0,4.0,0.0,8.0,11.0
88,159627.0,3.0,6.0,30.0,2258.0,4.0,0.0,4.0,11.0
89,30960.0,3.0,0.0,21.0,1655.0,4.0,0.0,2.0,2.0
90,160895.0,3.0,2.0,24.0,787.0,2.0,0.0,17.0,6.0
91,166789.0,3.0,0.0,14.0,655.0,1.0,0.0,8.0,1.0
92,135200.0,3.0,2.0,22.0,1808.0,2.0,0.0,1.0,4.0
93,7748.0,3.0,1.0,26.0,2165.0,9.0,0.0,2.0,2.0
94,17894.0,3.0,1.0,24.0,571.0,1.0,0.0,19.0,5.0
95,157053.0,3.0,0.0,24.0,1225.0,1.0,0.0,11.0,13.0
96,32103.0,3.0,0.0,25.0,1471.0,3.0,0.0,10.0,10.0
97,160846.0,3.0,4.0,21.0,1502.0,0.0,0.0,3.0,11.0
98,20023.0,3.0,0.0,20.0,809.0,1.0,1.0,12.0,8.0
99,160683.0,3.0,2.0,30.0,2074.0,6.0,0.0,8.0,3.0
100,160314.0,3.0,5.0,31.0,2332.0,2.0,0.0,5.0,8.0
101,159713.0,3.0,3.0,26.0,1608.0,0.0,0.0,9.0,9.0
102,23462.0,3.0,1.0,25.0,2164.0,0.0,0.0,0.0,2.0
103,160892.0,3.0,1.0,25.0,2130.0,3.0,0.0,0.0,2.0
104,31015.0,3.0,0.0,31.0,2509.0,0.0,0.0,1.0,12.0
105,13935.0,3.0,3.0,32.0,2740.0,4.0,0.0,1.0,1.0
106,47172.0,2.0,2.0,26.0,2285.0,2.0,0.0,0.0,1.0
107,160671.0,2.0,2.0,32.0,2452.0,7.0,0.0,2.0,19.0
108,6280.0,2.0,5.0,30.0,2690.0,0.0,0.0,0.0,1.0
109,53174.0,2.0,3.0,32.0,2880.0,6.0,0.0,0.0,0.0
110,31074.0,2.0,0.0,14.0,1188.0,3.0,0.0,0.0,3.0
111,154766.0,2.0,1.0,20.0,1022.0,0.0,0.0,9.0,11.0
112,175596.0,2.0,0.0,12.0,295.0,0.0,0.0,9.0,3.0
113,49704.0,2.0,1.0,32.0,2550.0,9.0,0.0,3.0,7.0
114,159638.0,2.0,2.0,18.0,926.0,4.0,1.0,8.0,5.0
115,180025.0,2.0,2.0,20.0,1090.0,5.0,0.0,10.0,4.0
116,135251.0,2.0,1.0,26.0,2078.0,5.0,0.0,3.0,1.0
117,159637.0,2.0,5.0,30.0,1704.0,3.0,0.0,12.0,12.0
118,135117.0,2.0,1.0,14.0,464.0,1.0,0.0,9.0,3.0
119,51790.0,2.0,0.0,21.0,722.0,1.0,0.0,14.0,5.0
120,48182.0,2.0,4.0,24.0,1563.0,2.0,0.0,5.0,11.0
121,7018.0,2.0,1.0,28.0,1859.0,7.0,0.0,8.0,4.0
122,35017.0,2.0,2.0,24.0,1934.0,8.0,0.0,2.0,6.0
123,135976.0,2.0,0.0,8.0,287.0,0.0,0.0,5.0,3.0
124,48260.0,2.0,0.0,25.0,2016.0,1.0,0.0,3.0,0.0
125,6773.0,2.0,1.0,20.0,1071.0,3.0,0.0,9.0,8.0
126,141189.0,2.0,0.0,6.0,441.0,0.0,0.0,2.0,1.0
127,161463.0,2.0,2.0,21.0,1262.0,0.0,0.0,7.0,12.0
128,137781.0,2.0,0.0,7.0,544.0,1.0,0.0,1.0,1.0
129,162019.0,2.0,1.0,27.0,2301.0,4.0,2.0,1.0,0.0
130,128766.0,2.0,6.0,32.0,2804.0,5.0,0.0,0.0,7.0
131,19506.0,2.0,2.0,19.0,802.0,4.0,0.0,11.0,2.0
132,135243.0,2.0,1.0,26.0,2106.0,3.0,0.0,3.0,1.0
133,160323.0,2.0,1.0,27.0,2363.0,6.0,0.0,0.0,1.0
134,179384.0,2.0,1.0,25.0,1803.0,1.0,1.0,3.0,8.0
135,42220.0,2.0,1.0,26.0,2162.0,5.0,0.0,3.0,1.0
136,160096.0,2.0,2.0,20.0,962.0,2.0,0.0,8.0,10.0
137,161996.0,2.0,0.0,9.0,423.0,0.0,0.0,4.0,4.0
138,93814.0,2.0,1.0,17.0,611.0,1.0,0.0,10.0,7.0
139,20341.0,2.0,0.0,25.0,2250.0,4.0,0.0,0.0,0.0
140,19592.0,2.0,0.0,22.0,1531.0,3.0,0.0,6.0,1.0
141,130671.0,2.0,0.0,19.0,1697.0,6.0,0.0,0.0,1.0
142,162532.0,2.0,0.0,16.0,1395.0,3.0,0.0,0.0,1.0
143,35800.0,2.0,1.0,28.0,2256.0,9.0,1.0,2.0,2.0
144,133749.0,2.0,0.0,19.0,1363.0,4.0,0.0,4.0,3.0
145,42727.0,2.0,1.0,14.0,859.0,2.0,0.0,5.0,4.0
146,52240.0,2.0,2.0,29.0,2163.0,3.0,0.0,5.0,7.0
147,35862.0,2.0,1.0,23.0,1941.0,6.0,0.0,1.0,3.0
148,47001.0,2.0,3.0,32.0,2806.0,5.0,0.0,0.0,2.0
149,129759.0,2.0,2.0,23.0,1714.0,5.0,0.0,5.0,0.0
150,175528.0,2.0,0.0,10.0,466.0,0.0,0.0,6.0,4.0
151,135169.0,2.0,1.0,13.0,598.0,0.0,0.0,8.0,3.0
152,42970.0,2.0,6.0,29.0,2610.0,9.0,0.0,0.0,0.0
153,160845.0,2.0,2.0,19.0,1498.0,0.0,0.0,1.0,6.0
154,20234.0,1.0,2.0,27.0,2418.0,4.0,0.0,0.0,1.0
155,180108.0,1.0,1.0,17.0,1322.0,1.0,0.0,1.0,4.0
156,163811.0,1.0,0.0,3.0,72.0,0.0,1.0,2.0,0.0
157,53036.0,1.0,5.0,27.0,2166.0,1.0,1.0,2.0,6.0
158,156959.0,1.0,0.0,15.0,1172.0,2.0,0.0,2.0,0.0
159,154433.0,1.0,1.0,16.0,226.0,0.0,0.0,15.0,1.0
160,30517.0,1.0,0.0,30.0,2698.0,3.0,0.0,0.0,1.0
161,13589.0,1.0,0.0,12.0,971.0,2.0,0.0,1.0,2.0
162,32114.0,1.0,1.0,21.0,996.0,4.0,0.0,11.0,5.0
163,180063.0,1.0,1.0,8.0,481.0,0.0,0.0,2.0,5.0
164,23389.0,1.0,1.0,27.0,2294.0,3.0,1.0,1.0,1.0
165,160732.0,1.0,1.0,29.0,2261.0,7.0,0.0,2.0,8.0
166,180212.0,1.0,2.0,7.0,441.0,0.0,0.0,2.0,3.0
167,42971.0,1.0,2.0,14.0,400.0,1.0,0.0,9.0,5.0
168,154336.0,1.0,2.0,29.0,2466.0,4.0,0.0,1.0,5.0
169,135177.0,1.0,1.0,14.0,1103.0,5.0,0.0,1.0,2.0
170,22162.0,1.0,1.0,17.0,796.0,2.0,1.0,8.0,4.0
171,44032.0,1.0,0.0,12.0,715.0,0.0,0.0,3.0,3.0
172,10046.0,1.0,0.0,25.0,2110.0,6.0,1.0,0.0,2.0
173,19205.0,1.0,0.0,24.0,1536.0,7.0,0.0,7.0,4.0
174,160032.0,1.0,0.0,23.0,1819.0,5.0,0.0,3.0,1.0
175,159741.0,1.0,0.0,17.0,439.0,0.0,0.0,15.0,1.0
176,33468.0,1.0,0.0,17.0,1227.0,2.0,0.0,5.0,0.0
177,50119.0,1.0,1.0,15.0,821.0,0.0,0.0,7.0,1.0
178,160488.0,1.0,0.0,17.0,1447.0,1.0,0.0,2.0,1.0
179,129750.0,1.0,1.0,32.0,2846.0,5.0,0.0,0.0,2.0
180,10059.0,1.0,4.0,28.0,2063.0,2.0,0.0,7.0,2.0
181,23153.0,1.0,2.0,17.0,518.0,1.0,0.0,14.0,3.0
182,30985.0,1.0,0.0,7.0,401.0,0.0,0.0,3.0,3.0
183,166468.0,1.0,0.0,15.0,1350.0,3.0,0.0,0.0,0.0
184,30667.0,1.0,2.0,27.0,2163.0,4.0,1.0,2.0,4.0
185,93960.0,1.0,1.0,20.0,909.0,0.0,0.0,12.0,2.0
186,163747.0,1.0,0.0,2.0,107.0,0.0,0.0,1.0,1.0
187,115748.0,1.0,3.0,25.0,1488.0,3.0,0.0,7.0,13.0
188,52102.0,1.0,4.0,17.0,769.0,1.0,0.0,10.0,3.0
189,47195.0,1.0,1.0,24.0,1762.0,4.0,0.0,3.0,12.0
190,162020.0,1.0,0.0,21.0,1415.0,0.0,0.0,5.0,11.0
191,160897.0,1.0,2.0,24.0,687.0,1.0,0.0,19.0,5.0
192,129760.0,1.0,1.0,12.0,467.0,1.0,0.0,7.0,4.0
193,134321.0,1.0,1.0,30.0,2193.0,2.0,0.0,4.0,14.0
194,160054.0,1.0,3.0,28.0,1808.0,7.0,0.0,8.0,7.0
195,94350.0,1.0,1.0,15.0,374.0,1.0,0.0,12.0,3.0
196,31757.0,1.0,0.0,22.0,1902.0,4.0,0.0,0.0,2.0
197,179421.0,1.0,0.0,7.0,254.0,0.0,1.0,5.0,1.0
198,135175.0,1.0,2.0,27.0,2177.0,9.0,1.0,2.0,5.0
199,51340.0,1.0,0.0,22.0,1763.0,2.0,0.0,3.0,4.0
200,44159.0,1.0,0.0,29.0,2598.0,5.0,0.0,0.0,1.0
201,135591.0,1.0,1.0,22.0,1332.0,2.0,1.0,8.0,2.0
202,161345.0,1.0,1.0,32.0,2880.0,4.0,0.0,0.0,0.0
203,130672.0,1.0,0.0,20.0,1474.0,3.0,0.0,4.0,3.0
204,43049.0,1.0,0.0,9.0,704.0,0.0,0.0,1.0,1.0
205,143584.0,1.0,1.0,31.0,2558.0,5.0,0.0,3.0,2.0
206,10292.0,1.0,1.0,32.0,2880.0,7.0,0.0,0.0,0.0
207,153012.0,1.0,0.0,12.0,911.0,1.0,0.0,2.0,0.0
208,43997.0,1.0,0.0,20.0,713.0,0.0,0.0,14.0,4.0
209,144579.0,1.0,0.0,32.0,2697.0,7.0,0.0,0.0,10.0
210,6577.0,1.0,2.0,18.0,1448.0,1.0,0.0,0.0,11.0
211,132927.0,1.0,4.0,24.0,1502.0,1.0,0.0,4.0,14.0
212,162021.0,1.0,2.0,22.0,1016.0,2.0,0.0,10.0,12.0
213,51703.0,1.0,2.0,29.0,2507.0,4.0,0.0,1.0,1.0
214,30598.0,1.0,1.0,12.0,869.0,3.0,0.0,3.0,3.0
215,50135.0,1.0,8.0,30.0,2619.0,1.0,0.0,1.0,3.0
216,180046.0,1.0,1.0,16.0,676.0,1.0,0.0,7.0,7.0
217,18957.0,1.0,1.0,10.0,657.0,1.0,0.0,2.0,3.0
218,179281.0,1.0,0.0,8.0,587.0,0.0,0.0,2.0,1.0
219,133641.0,1.0,6.0,32.0,2705.0,7.0,0.0,2.0,3.0
220,132770.0,1.0,0.0,6.0,175.0,0.0,0.0,4.0,1.0
221,180035.0,1.0,0.0,7.0,501.0,0.0,0.0,1.0,2.0
222,136255.0,1.0,1.0,31.0,2790.0,4.0,0.0,0.0,0.0
223,93962.0,1.0,0.0,8.0,41.0,0.0,0.0,8.0,0.0
224,19041.0,1.0,3.0,23.0,2003.0,2.0,1.0,1.0,1.0
225,160029.0,1.0,2.0,24.0,1972.0,3.0,0.0,0.0,5.0
226,18843.0,1.0,1.0,32.0,2880.0,9.0,0.0,0.0,0.0
227,6363.0,1.0,1.0,25.0,1959.0,4.0,0.0,2.0,11.0
228,51519.0,1.0,1.0,18.0,1584.0,5.0,0.0,0.0,2.0
229,135116.0,1.0,0.0,15.0,1293.0,3.0,0.0,0.0,2.0
230,131752.0,1.0,1.0,24.0,1371.0,4.0,0.0,9.0,7.0
231,30557.0,1.0,1.0,18.0,976.0,0.0,0.0,7.0,6.0
232,6505.0,1.0,1.0,20.0,1554.0,2.0,0.0,2.0,3.0
233,132044.0,1.0,0.0,16.0,1227.0,2.0,0.0,2.0,2.0
234,46933.0,1.0,0.0,15.0,434.0,3.0,0.0,11.0,3.0
235,93725.0,1.0,2.0,21.0,1071.0,1.0,0.0,7.0,13.0
236,50015.0,1.0,2.0,24.0,2061.0,5.0,0.0,0.0,4.0
237,180200.0,1.0,1.0,6.0,90.0,0.0,0.0,6.0,0.0
238,161377.0,1.0,0.0,13.0,786.0,5.0,0.0,4.0,5.0
239,21858.0,1.0,0.0,23.0,704.0,1.0,0.0,16.0,6.0
240,26145.0,1.0,1.0,25.0,2096.0,7.0,0.0,0.0,5.0
241,33511.0,1.0,0.0,14.0,791.0,3.0,0.0,6.0,1.0
242,129762.0,0.0,1.0,16.0,1439.0,1.0,1.0,0.0,0.0
243,135262.0,0.0,0.0,28.0,2419.0,5.0,0.0,0.0,2.0
244,94007.0,0.0,1.0,21.0,1463.0,3.0,1.0,4.0,3.0
245,133133.0,0.0,0.0,30.0,2649.0,2.0,1.0,0.0,1.0
246,160422.0,0.0,2.0,19.0,1502.0,2.0,0.0,1.0,5.0
247,133644.0,0.0,2.0,24.0,1507.0,2.0,0.0,6.0,15.0
248,134381.0,0.0,0.0,15.0,634.0,1.0,0.0,9.0,5.0
249,30925.0,0.0,1.0,28.0,2520.0,3.0,0.0,0.0,0.0
250,91041.0,0.0,2.0,32.0,2880.0,6.0,0.0,0.0,0.0
251,52266.0,0.0,0.0,25.0,2160.0,5.0,0.0,1.0,1.0
252,128164.0,0.0,0.0,23.0,1843.0,4.0,0.0,2.0,3.0
253,135589.0,0.0,0.0,22.0,1803.0,5.0,0.0,3.0,1.0
254,130624.0,0.0,7.0,31.0,2158.0,4.0,0.0,7.0,7.0
255,134236.0,0.0,6.0,29.0,2515.0,3.0,0.0,0.0,4.0
256,96594.0,0.0,4.0,16.0,573.0,1.0,0.0,12.0,1.0
257,135654.0,0.0,4.0,21.0,1441.0,5.0,0.0,6.0,5.0
258,161548.0,0.0,4.0,21.0,1640.0,3.0,0.0,4.0,3.0
259,159994.0,0.0,4.0,29.0,2601.0,5.0,0.0,0.0,1.0
260,13981.0,0.0,3.0,16.0,641.0,1.0,0.0,11.0,3.0
261,44017.0,0.0,3.0,18.0,735.0,2.0,0.0,12.0,3.0
262,93882.0,0.0,3.0,16.0,846.0,0.0,0.0,6.0,7.0
263,144363.0,0.0,3.0,25.0,2002.0,4.0,0.0,3.0,0.0
264,52229.0,0.0,3.0,31.0,2678.0,5.0,0.0,0.0,10.0
265,160313.0,0.0,3.0,18.0,1363.0,1.0,0.0,3.0,2.0
266,32098.0,0.0,3.0,10.0,692.0,0.0,0.0,3.0,2.0
267,161456.0,0.0,2.0,24.0,747.0,0.0,0.0,16.0,8.0
268,133548.0,0.0,2.0,20.0,760.0,2.0,0.0,12.0,7.0
269,20262.0,0.0,2.0,27.0,2397.0,7.0,0.0,0.0,3.0
270,160682.0,0.0,2.0,18.0,1251.0,0.0,0.0,5.0,9.0
271,14109.0,0.0,2.0,17.0,1161.0,4.0,0.0,4.0,2.0
272,129761.0,0.0,2.0,23.0,1877.0,5.0,0.0,2.0,2.0
273,154432.0,0.0,2.0,23.0,1900.0,7.0,0.0,2.0,2.0
274,52087.0,0.0,2.0,18.0,1068.0,1.0,0.0,7.0,2.0
275,30562.0,0.0,2.0,21.0,1712.0,1.0,2.0,1.0,1.0
276,44026.0,0.0,2.0,20.0,1307.0,3.0,0.0,5.0,4.0
277,26151.0,0.0,2.0,22.0,1297.0,1.0,0.0,9.0,7.0
278,19415.0,0.0,2.0,16.0,1244.0,3.0,1.0,2.0,0.0
279,7431.0,0.0,2.0,18.0,743.0,1.0,0.0,10.0,6.0
280,128282.0,0.0,2.0,17.0,1355.0,3.0,0.0,1.0,4.0
281,133647.0,0.0,2.0,21.0,1794.0,6.0,0.0,0.0,4.0
282,160312.0,0.0,2.0,14.0,1231.0,2.0,0.0,0.0,3.0
283,133868.0,0.0,1.0,30.0,2700.0,7.0,0.0,0.0,0.0
284,51275.0,0.0,1.0,15.0,1350.0,4.0,0.0,0.0,0.0
285,15123.0,0.0,1.0,32.0,2800.0,4.0,0.0,0.0,8.0
286,161350.0,0.0,1.0,23.0,2070.0,1.0,0.0,0.0,0.0
287,50016.0,0.0,1.0,17.0,798.0,1.0,0.0,8.0,7.0
288,51513.0,0.0,1.0,11.0,815.0,0.0,0.0,2.0,1.0
289,162156.0,0.0,1.0,6.0,276.0,0.0,1.0,3.0,1.0
290,135671.0,0.0,1.0,5.0,199.0,0.0,0.0,3.0,2.0
291,131780.0,0.0,1.0,24.0,1748.0,6.0,0.0,5.0,4.0
292,90860.0,0.0,1.0,30.0,2626.0,5.0,0.0,1.0,1.0
293,32203.0,0.0,1.0,8.0,608.0,1.0,0.0,1.0,2.0
294,159737.0,0.0,1.0,7.0,470.0,1.0,0.0,2.0,0.0
295,21247.0,0.0,1.0,19.0,1550.0,0.0,0.0,2.0,3.0
296,43047.0,0.0,1.0,10.0,777.0,1.0,0.0,1.0,1.0
297,22919.0,0.0,1.0,17.0,1530.0,2.0,0.0,0.0,0.0
298,6723.0,0.0,1.0,26.0,2156.0,6.0,2.0,2.0,3.0
299,50136.0,0.0,1.0,16.0,1215.0,4.0,0.0,2.0,3.0
300,32140.0,0.0,1.0,16.0,963.0,2.0,0.0,7.0,6.0
301,31289.0,0.0,1.0,15.0,910.0,3.0,1.0,5.0,2.0
302,51329.0,0.0,1.0,15.0,1153.0,1.0,0.0,2.0,3.0
303,135240.0,0.0,1.0,25.0,1819.0,5.0,0.0,3.0,9.0
304,34877.0,0.0,1.0,12.0,935.0,1.0,0.0,2.0,1.0
305,159677.0,0.0,1.0,9.0,316.0,0.0,0.0,5.0,4.0
306,144514.0,0.0,1.0,31.0,2790.0,0.0,0.0,0.0,0.0
307,133131.0,0.0,1.0,23.0,2005.0,0.0,1.0,0.0,1.0
308,160652.0,0.0,1.0,4.0,231.0,0.0,0.0,1.0,3.0
309,10050.0,0.0,1.0,21.0,1830.0,7.0,0.0,0.0,3.0
310,144510.0,0.0,1.0,27.0,1335.0,1.0,0.0,14.0,4.0
311,10205.0,0.0,1.0,27.0,2126.0,7.0,0.0,3.0,4.0
312,46991.0,0.0,1.0,15.0,1296.0,2.0,0.0,0.0,1.0
313,161549.0,0.0,0.0,13.0,890.0,3.0,0.0,4.0,0.0
314,160103.0,0.0,0.0,11.0,362.0,2.0,0.0,8.0,2.0
315,94133.0,0.0,0.0,11.0,760.0,1.0,0.0,1.0,7.0
316,180000.0,0.0,0.0,22.0,1069.0,5.0,0.0,13.0,2.0
317,90987.0,0.0,0.0,25.0,1689.0,8.0,0.0,5.0,9.0
318,31993.0,0.0,0.0,32.0,2880.0,3.0,0.0,0.0,0.0
319,6011.0,0.0,0.0,32.0,2880.0,2.0,0.0,0.0,0.0
320,131750.0,0.0,0.0,32.0,2880.0,0.0,0.0,0.0,0.0
321,129737.0,0.0,0.0,32.0,2880.0,0.0,0.0,0.0,0.0
322,130759.0,0.0,0.0,32.0,2880.0,1.0,0.0,0.0,0.0
323,46085.0,0.0,0.0,32.0,2880.0,2.0,0.0,0.0,0.0
324,30984.0,0.0,0.0,32.0,2880.0,0.0,0.0,0.0,0.0
325,46676.0,0.0,0.0,32.0,2880.0,0.0,0.0,0.0,0.0
326,11230.0,0.0,0.0,32.0,2880.0,2.0,0.0,0.0,0.0
327,49709.0,0.0,0.0,30.0,2616.0,1.0,0.0,0.0,6.0
328,160755.0,0.0,0.0,30.0,2700.0,2.0,0.0,0.0,0.0
329,133649.0,0.0,0.0,30.0,2700.0,4.0,0.0,0.0,0.0
330,129845.0,0.0,0.0,30.0,2650.0,2.0,0.0,0.0,1.0
331,15257.0,0.0,0.0,29.0,2490.0,7.0,0.0,1.0,2.0
332,129756.0,0.0,0.0,29.0,2610.0,1.0,0.0,0.0,0.0
333,44029.0,0.0,0.0,29.0,2532.0,3.0,1.0,0.0,0.0
334,135192.0,0.0,0.0,28.0,2520.0,0.0,0.0,0.0,0.0
335,161558.0,0.0,0.0,27.0,1333.0,7.0,0.0,14.0,4.0
336,130050.0,0.0,0.0,26.0,2090.0,7.0,0.0,3.0,2.0
337,160773.0,0.0,0.0,25.0,1763.0,4.0,0.0,6.0,9.0
338,55835.0,0.0,0.0,24.0,2106.0,2.0,1.0,0.0,1.0
339,140935.0,0.0,0.0,24.0,1401.0,3.0,0.0,10.0,2.0
340,30669.0,0.0,0.0,23.0,1229.0,4.0,0.0,10.0,5.0
341,48228.0,0.0,0.0,22.0,1772.0,5.0,0.0,2.0,4.0
342,41538.0,0.0,0.0,22.0,1459.0,4.0,0.0,6.0,1.0
343,90844.0,0.0,0.0,22.0,1980.0,0.0,0.0,0.0,0.0
344,14011.0,0.0,0.0,21.0,1479.0,7.0,0.0,4.0,4.0
345,160772.0,0.0,0.0,20.0,1795.0,0.0,0.0,0.0,1.0
346,58929.0,0.0,0.0,20.0,891.0,3.0,0.0,11.0,9.0
347,51699.0,0.0,0.0,20.0,954.0,5.0,0.0,9.0,11.0
348,48549.0,0.0,0.0,20.0,1646.0,3.0,0.0,2.0,1.0
349,35149.0,0.0,0.0,19.0,1183.0,1.0,0.0,7.0,2.0
350,129917.0,0.0,0.0,19.0,1579.0,1.0,0.0,0.0,2.0
351,180064.0,0.0,0.0,19.0,1426.0,6.0,0.0,3.0,4.0
352,114653.0,0.0,0.0,18.0,1527.0,5.0,0.0,0.0,2.0
353,52304.0,0.0,0.0,18.0,1612.0,1.0,0.0,1.0,0.0
354,160495.0,0.0,0.0,17.0,1294.0,4.0,0.0,2.0,2.0
355,162118.0,0.0,0.0,16.0,904.0,2.0,0.0,5.0,8.0
356,160457.0,0.0,0.0,16.0,1190.0,3.0,1.0,3.0,2.0
357,176689.0,0.0,0.0,16.0,1228.0,2.0,0.0,2.0,3.0
358,93899.0,0.0,0.0,16.0,486.0,4.0,0.0,12.0,1.0
359,34883.0,0.0,0.0,16.0,1240.0,2.0,1.0,3.0,0.0
360,51690.0,0.0,0.0,16.0,1136.0,2.0,0.0,2.0,10.0
361,10045.0,0.0,0.0,15.0,965.0,3.0,1.0,5.0,0.0
362,56726.0,0.0,0.0,15.0,1262.0,4.0,0.0,1.0,1.0
363,25178.0,0.0,0.0,15.0,1268.0,0.0,0.0,0.0,1.0
364,42655.0,0.0,0.0,15.0,1004.0,4.0,1.0,3.0,5.0
365,20255.0,0.0,0.0,14.0,1024.0,5.0,0.0,3.0,2.0
366,160118.0,0.0,0.0,14.0,545.0,1.0,0.0,8.0,5.0
367,94140.0,0.0,0.0,14.0,1023.0,3.0,0.0,1.0,3.0
368,130554.0,0.0,0.0,14.0,530.0,1.0,0.0,9.0,1.0
369,159715.0,0.0,0.0,14.0,1058.0,5.0,0.0,2.0,3.0
370,34626.0,0.0,0.0,14.0,1028.0,0.0,1.0,3.0,1.0
371,160781.0,0.0,0.0,12.0,538.0,0.0,0.0,7.0,3.0
372,14111.0,0.0,0.0,12.0,891.0,3.0,0.0,2.0,3.0
373,18566.0,0.0,0.0,12.0,357.0,0.0,0.0,9.0,3.0
374,161985.0,0.0,0.0,12.0,654.0,0.0,0.0,5.0,3.0
375,50336.0,0.0,0.0,12.0,634.0,0.0,0.0,6.0,2.0
376,31291.0,0.0,0.0,12.0,905.0,0.0,0.0,2.0,1.0
377,161550.0,0.0,0.0,12.0,405.0,0.0,0.0,8.0,2.0
378,179348.0,0.0,0.0,12.0,954.0,5.0,0.0,2.0,1.0
379,180157.0,0.0,0.0,11.0,756.0,1.0,0.0,3.0,1.0
380,180209.0,0.0,0.0,11.0,606.0,2.0,0.0,4.0,2.0
381,139561.0,0.0,0.0,11.0,553.0,1.0,0.0,5.0,3.0
382,161346.0,0.0,0.0,11.0,873.0,1.0,0.0,2.0,0.0
383,43133.0,0.0,0.0,11.0,872.0,2.0,0.0,3.0,0.0
384,90847.0,0.0,0.0,11.0,782.0,1.0,0.0,1.0,6.0
385,161449.0,0.0,0.0,10.0,900.0,0.0,0.0,0.0,0.0
386,44033.0,0.0,0.0,10.0,589.0,2.0,0.0,4.0,1.0
387,162023.0,0.0,0.0,9.0,245.0,2.0,0.0,7.0,2.0
388,175656.0,0.0,0.0,9.0,662.0,0.0,0.0,1.0,5.0
389,64876.0,0.0,0.0,9.0,190.0,0.0,0.0,7.0,2.0
390,130623.0,0.0,0.0,9.0,684.0,1.0,0.0,2.0,3.0
391,53278.0,0.0,0.0,9.0,556.0,0.0,1.0,2.0,1.0
392,14289.0,0.0,0.0,9.0,346.0,0.0,0.0,6.0,3.0
393,166103.0,0.0,0.0,9.0,552.0,2.0,0.0,2.0,4.0
394,161559.0,0.0,0.0,8.0,128.0,0.0,0.0,8.0,0.0
395,19444.0,0.0,0.0,8.0,633.0,0.0,0.0,1.0,1.0
396,141016.0,0.0,0.0,8.0,448.0,0.0,0.0,4.0,0.0
397,179279.0,0.0,0.0,8.0,686.0,0.0,0.0,1.0,0.0
398,11241.0,0.0,0.0,8.0,160.0,0.0,0.0,7.0,0.0
399,160698.0,0.0,0.0,8.0,216.0,0.0,0.0,7.0,0.0
400,175680.0,0.0,0.0,8.0,486.0,1.0,0.0,2.0,6.0
401,90688.0,0.0,0.0,8.0,362.0,2.0,0.0,4.0,4.0
402,161453.0,0.0,0.0,8.0,558.0,1.0,0.0,2.0,0.0
403,180210.0,0.0,0.0,7.0,65.0,0.0,0.0,7.0,0.0
404,134380.0,0.0,0.0,7.0,201.0,0.0,0.0,5.0,1.0
405,135178.0,0.0,0.0,7.0,537.0,0.0,0.0,2.0,0.0
406,179147.0,0.0,0.0,7.0,67.0,1.0,0.0,7.0,0.0
407,180034.0,0.0,0.0,7.0,451.0,0.0,0.0,2.0,2.0
408,131690.0,0.0,0.0,7.0,197.0,0.0,0.0,5.0,2.0
409,4600.0,0.0,0.0,6.0,336.0,0.0,0.0,3.0,1.0
410,179296.0,0.0,0.0,6.0,375.0,2.0,0.0,2.0,0.0
411,180424.0,0.0,0.0,6.0,422.0,1.0,0.0,2.0,0.0
412,32012.0,0.0,0.0,6.0,125.0,0.0,0.0,5.0,1.0
413,161537.0,0.0,0.0,6.0,135.0,0.0,0.0,5.0,1.0
414,35777.0,0.0,0.0,6.0,112.0,1.0,0.0,6.0,0.0
415,130400.0,0.0,0.0,6.0,271.0,0.0,0.0,2.0,3.0
416,172388.0,0.0,0.0,6.0,143.0,0.0,0.0,5.0,1.0
417,175685.0,0.0,0.0,6.0,540.0,1.0,0.0,0.0,0.0
418,159287.0,0.0,0.0,6.0,113.0,0.0,0.0,5.0,1.0
419,162014.0,0.0,0.0,6.0,342.0,0.0,0.0,2.0,1.0
420,134618.0,0.0,0.0,6.0,526.0,1.0,0.0,0.0,1.0
421,179148.0,0.0,0.0,5.0,60.0,0.0,0.0,5.0,0.0
422,180050.0,0.0,0.0,5.0,44.0,0.0,0.0,5.0,0.0
423,175380.0,0.0,0.0,5.0,322.0,1.0,0.0,0.0,5.0
424,31013.0,0.0,0.0,5.0,311.0,0.0,0.0,2.0,1.0
425,160166.0,0.0,0.0,5.0,218.0,0.0,0.0,3.0,0.0
426,160081.0,0.0,0.0,5.0,435.0,1.0,0.0,1.0,0.0
427,175534.0,0.0,0.0,5.0,441.0,0.0,0.0,0.0,1.0
428,94486.0,0.0,0.0,5.0,65.0,1.0,0.0,5.0,0.0
429,14288.0,0.0,0.0,5.0,235.0,1.0,0.0,3.0,1.0
430,93957.0,0.0,0.0,5.0,187.0,0.0,0.0,3.0,0.0
431,180097.0,0.0,0.0,4.0,57.0,0.0,0.0,4.0,0.0
432,32539.0,0.0,0.0,4.0,346.0,0.0,0.0,1.0,0.0
433,180093.0,0.0,0.0,4.0,271.0,1.0,0.0,1.0,0.0
434,47176.0,0.0,0.0,4.0,360.0,0.0,0.0,0.0,0.0
435,129751.0,0.0,0.0,4.0,66.0,0.0,0.0,3.0,1.0
436,53032.0,0.0,0.0,4.0,66.0,1.0,0.0,3.0,1.0
437,134737.0,0.0,0.0,4.0,100.0,0.0,0.0,3.0,0.0
438,154172.0,0.0,0.0,4.0,150.0,0.0,0.0,2.0,2.0
439,180848.0,0.0,0.0,4.0,18.0,0.0,0.0,4.0,0.0
440,179282.0,0.0,0.0,4.0,360.0,0.0,0.0,0.0,0.0
441,53183.0,0.0,0.0,4.0,238.0,0.0,0.0,3.0,0.0
442,133675.0,0.0,0.0,4.0,57.0,0.0,0.0,3.0,1.0
443,43062.0,0.0,0.0,3.0,103.0,0.0,0.0,2.0,0.0
444,130553.0,0.0,0.0,3.0,189.0,1.0,0.0,0.0,3.0
445,161388.0,0.0,0.0,3.0,34.0,0.0,0.0,3.0,0.0
446,172462.0,0.0,0.0,3.0,58.0,0.0,0.0,2.0,1.0
447,21222.0,0.0,0.0,3.0,270.0,0.0,0.0,0.0,0.0
448,180889.0,0.0,0.0,3.0,136.0,0.0,0.0,2.0,1.0
449,144289.0,0.0,0.0,3.0,184.0,0.0,0.0,1.0,0.0
450,180207.0,0.0,0.0,3.0,166.0,0.0,0.0,1.0,1.0
451,153068.0,0.0,0.0,3.0,230.0,1.0,0.0,1.0,0.0
452,163789.0,0.0,0.0,3.0,111.0,1.0,0.0,2.0,1.0
453,163201.0,0.0,0.0,3.0,270.0,0.0,0.0,0.0,0.0
454,159974.0,0.0,0.0,3.0,19.0,0.0,0.0,3.0,0.0
455,172469.0,0.0,0.0,3.0,24.0,0.0,0.0,3.0,0.0
456,90117.0,0.0,0.0,3.0,121.0,1.0,0.0,2.0,0.0
457,10048.0,0.0,0.0,2.0,127.0,0.0,0.0,0.0,1.0
458,160738.0,0.0,0.0,2.0,7.0,0.0,0.0,2.0,0.0
459,19884.0,0.0,0.0,2.0,6.0,0.0,0.0,2.0,0.0
460,160893.0,0.0,0.0,2.0,135.0,0.0,0.0,1.0,0.0
461,161384.0,0.0,0.0,2.0,19.0,0.0,0.0,2.0,0.0
462,180206.0,0.0,0.0,2.0,16.0,0.0,0.0,2.0,0.0
463,175441.0,0.0,0.0,2.0,31.0,0.0,0.0,2.0,0.0
464,30959.0,0.0,0.0,2.0,48.0,0.0,0.0,2.0,0.0
465,6013.0,0.0,0.0,2.0,135.0,0.0,0.0,0.0,1.0
466,138634.0,0.0,0.0,2.0,19.0,0.0,0.0,2.0,0.0
467,159635.0,0.0,0.0,2.0,98.0,1.0,0.0,1.0,0.0
468,41632.0,0.0,0.0,2.0,180.0,0.0,0.0,0.0,0.0
469,171568.0,0.0,0.0,2.0,86.0,0.0,0.0,1.0,1.0
470,49710.0,0.0,0.0,2.0,82.0,0.0,0.0,1.0,1.0
471,19667.0,0.0,0.0,2.0,22.0,0.0,0.0,2.0,0.0
472,180764.0,0.0,0.0,2.0,114.0,0.0,0.0,0.0,1.0
473,31037.0,0.0,0.0,2.0,158.0,0.0,0.0,1.0,0.0
474,32165.0,0.0,0.0,2.0,180.0,0.0,0.0,0.0,0.0
475,160579.0,0.0,0.0,2.0,6.0,0.0,0.0,2.0,0.0
476,138686.0,0.0,0.0,2.0,13.0,0.0,0.0,2.0,0.0
477,132466.0,0.0,0.0,2.0,180.0,0.0,0.0,0.0,0.0
478,175545.0,0.0,0.0,2.0,97.0,0.0,0.0,1.0,1.0
479,179415.0,0.0,0.0,2.0,162.0,1.0,0.0,1.0,0.0
480,172658.0,0.0,0.0,2.0,36.0,0.0,0.0,2.0,0.0
481,30554.0,0.0,0.0,2.0,24.0,1.0,0.0,2.0,0.0
482,50563.0,0.0,0.0,2.0,30.0,0.0,0.0,2.0,0.0
483,180123.0,0.0,0.0,2.0,42.0,0.0,0.0,2.0,0.0
484,134740.0,0.0,0.0,1.0,19.0,0.0,0.0,1.0,0.0
485,181972.0,0.0,0.0,1.0,4.0,0.0,0.0,1.0,0.0
486,106138.0,0.0,0.0,1.0,5.0,0.0,0.0,1.0,0.0
487,15279.0,0.0,0.0,1.0,13.0,0.0,0.0,1.0,0.0
488,160300.0,0.0,0.0,1.0,22.0,0.0,0.0,0.0,1.0
489,161386.0,0.0,0.0,1.0,8.0,0.0,0.0,1.0,0.0
490,179298.0,0.0,0.0,1.0,5.0,0.0,0.0,1.0,0.0
491,172390.0,0.0,0.0,1.0,16.0,0.0,0.0,1.0,0.0
492,162047.0,0.0,0.0,1.0,1.0,0.0,0.0,1.0,0.0
493,180197.0,0.0,0.0,1.0,12.0,0.0,0.0,1.0,0.0
494,163251.0,0.0,0.0,1.0,2.0,0.0,0.0,1.0,0.0
495,20253.0,0.0,0.0,1.0,57.0,0.0,0.0,0.0,1.0
496,31063.0,0.0,0.0,1.0,11.0,0.0,0.0,1.0,0.0
497,135709.0,0.0,0.0,1.0,8.0,0.0,0.0,0.0,1.0
498,161396.0,0.0,0.0,1.0,15.0,0.0,0.0,1.0,0.0
499,184255.0,0.0,0.0,1.0,2.0,0.0,0.0,1.0,0.0
500,184283.0,0.0,0.0,1.0,2.0,0.0,0.0,1.0,0.0
501,136298.0,0.0,0.0,1.0,90.0,0.0,0.0,0.0,0.0
502,134707.0,0.0,0.0,0.0,0.0,0.0,0.0,0.0,0.0
